https://plus.google.com/+AndreasLeißner/posts/HjSA4eE6dNs#z13yj3wqgt3wsl13422rfryzlqyje5z03.1451567906093844	Re : Erste Fahrt im zum IC umlackierten Doppelstockwagen . Wer schnell seekrank wird , sollte sich lieber unten ... Sei doch froh ... Es hätte auch ein offener Güterwagen sein können ... bei der Bahn ist alles möglich ... ; 0 )	1
http://www.mydealz.de/deals/599807#post7676427	[ Bahn ]  BahnCard 50 mit 50 % Rabatt !!!  [ bis 26 Jahre ] Seid ihr 26 Jahre oder jünger ? knaaaapp drüber  	-1
https://plus.google.com/+BettyRossel/posts/6GCTLyQ5YBm	NEIN zu doppelt so viel Lastwagen und Ja zur Verlagerung auf die Bahn !  # ‎ zweiteRöhreNEIN ‬ NEIN zu doppelt so viel Lastwagen und Ja zur Verlagerung auf die Bahn !  # ‎ zweiteRöhreNEIN ‬ ﻿ -Photo : Ein 40-Tonnen-Lastwagen durch dem Röhre.jpg https://lh3.googleusercontent.com/-GN4GQRsBOY4/Veip_UQwxEI/AAAAAAAAAgU/x82WlHEGIAk/w1200-h900/Ein%2B40-Tonnen-Lastwagen%2Bdurch%2Bdem%2BR%25C3%25B6hre.jpg  	1
http://www.gutefrage.net/frage/wer-kriegt-den-nazizug-voller-gold#answer-175852235	wer kriegt den Nazizug voller Gold ?  Eine durch nichts begründete Spekulation . zwei gepanzerte Züge , die aus Königsbergs kommend , sind verschwunden .  Das ist aus den Akten der Reichsbahn zu entnehmen .  Sollte der gefundene Zug einer der Züge aus Königsberg sein , dann sind vermutlich keine Goldbarren darin , denn die Goldbarren waren immer bei der Reichsbank in Berlin und sind zum Kriegende in das Bergwerk Merkers in Thüringen ausgelagert worden .  Dieses Goldlager wurden von den Amerikaner beschlagnahmt und in die USA verfrachtet .  Heute ist das Salzbergwerk in Merkers ein Besucherbergwerk und man kann den Tresorraum besichtigen .  Dort hängt übrigens ein Bild von Patton und Eisenhower sitzend auf einem Berg aus Gold .  Vermutlich kann der Zug aber neben Akten der Nazis auch Gemälde und das Bernsteinzimmer enthalten .  Das wäre logisch , denn man hätte bei der Bombardierung des Königsberger Schlosses verbrannte Reste finden müssen , was aber nicht der Fall war .  Stimmen meine Vermutungen , dann hat Russland berechtigte Ansprüche , denn der Raub aus den Zarenschlössern bei St. Petersburg ist dokumentiert .  gutefrage.net-Tag :  Deutschland gutefrage.net-Tag : Geschichte  	-1
http://www.hikr.org/tour/post99967.html	Bahn : Land soll endlich handeln Erinnern das Land an sein Bahn-Versprechen ( von links ) : Martin Dethlefsen , Timo Laackmann und Jan Plöhn . Tietje-Räther Der Kaufmännische Verein ( KVK ) nimmt die Landespolitik beim Wort : „ Der Bund hat reagiert , jetzt tut auch	-1
http://twitter.com/U\_Mildenberger/statuses/605505905619288065	Aber mir ganz sicher ! Schreibe bitte ! @friedmike : Ich glaube nicht , dass meine Geschichten der Bahn gefallen würden . http://t.co/IBIbTlw3Fs	1
http://www.alle-autos-in.de/ratgeber/bericht\_a51230.shtml	Weihnachtsgeschenke für den Autofahrer | Ratgeber Szenerie ist vielen vertraut . Der Beschenkte reißt mit leuchtenden Augen das Geschenk-Papier auseinander , öffnet die Verpackung und in Sekundenbruchteilen verwandelt sich das erwartungsfrohe Lächeln in eine lange Schnute der Enttäuschung . Damit das	-1
http://twitter.com/NeuvooAugsburg/statuses/639542152389861377	Hast du schon Deutsche Bahn #Jobs in #Augsburg auf unserer Homepage gesehen ?  http://t.co/d3GpeUUip5 http://t.co/fH08PexsMn  	-1
http://twitter.com/UWAP_DE/statuses/639474335724478464	Was ist denn heute in RLP los ?  Alle Züge verspätet ... o. o Sowohl DB , als auch Vlexx ...  	1
*	" Frankfurt / Main : " " Berührt - Verführt " " - Werbekampagnen im Museum " " eingeführt wurden . Ein anderer Schwerpunkt sind Werbeslogans , die in den Sprachgebrauch übergingen , wie " " Alle reden vom Wetter . Wir nicht . " " ( Deutsche Bahn ) oder " " Mach mal Pause " " ( Coca Cola ) . Erinnert wird auch an schockierende "	1
http://twitter.com/miramontesroge1/statuses/639536200462766080	Vintage Friction Tin Kellerman CKO Bahnbus 441 DB Deutsche Bundesbahn Bus Coach http://t.co/EYyzWkIvJf http://t.co/PO9DanjGZN  	-1
http://www.fm1today.ch/schweizer-bahn-vierer-beim-weltcup-in-cali-zweiter/60753	Zweiter Platz für Schweizer Bahn-Vierer Dort blieben die Schweizer in 3:58 , 998 unter vier Minuten und bezwangen Weltmeister Australien um eine knappe halbe Sekunde . Im Final kamen sie mit Patrick Müller statt Beer nicht mehr ganz an diese Zeit heran und unterlagen den Russen in 4:01 , 972 um gut neun Zehntel . Mit dem zweiten Platz in Kolumbien macht das Vorzeige-Projekt des Schweizer Bahn-Radsports aber einen weiteren grossen Schritt in Richtung Qualifikation für die Olympischen Spielen 2016 in Rio . Dort werden sie zu den Medaillenanwärtern gehören .	-1
http://twitter.com/Curacao1975/statuses/605757626996166656	RT @baerundelch : Zum ersten Mal fahre ich mit App-Ticket Bahn . Große Angst , dass die Schaffnerzange das Smartphone zerstört . ^ elch	1
http://www.facebook.com/114901331916603/posts/1014482531958474?comment\_id=1014526465287414#114901331916603\_1014482531958474\_1014526465287414	Re : WZ Wuppertal " Die Bahn hat keine Augen ... ein Fahrer ist bei einer " " parkenden " " Bahn wohl eher nicht zugegen ! "	1
http://www.facebook.com/54821513519/posts/10153421052548520?comment\_id=10153421257018520#54821513519\_10153421052548520\_10153421257018520	Re : ANTENNE BAYERN Bin Lokführer bei der S- Bahn , war nicht angenehm , kann ich euch sagen ...	1
http://twitter.com/Der_KaiErik/statuses/639478333667983360	Irgendwann sollte ich mal an die # DeutscheBahn für meine Dienstleistungen an # Bahn Kunden eine Rechnung schicken .  	1
https://de.newshub.org/fest-bratwurst-gl%C3%BChwein-19171487.html	Stiftung Warentest : Warum mobiles Internet in der #Bahn schlecht funktioniert ?! https://t.co/0gfQvxtcHU #Infrastruktur #Praxistest #fail	-1
http://twitter.com/NeuvooBielefel/statuses/639612134658281472	Deutsche Bahn braucht dich !  Als #Azubi #(w / m ) Fahrdienstleiter 2016 in #Bielefeld , bewirb dich jetzt !  #jobs #stelle http://t.co/EdF0x5L2Es  	-1
http://twitter.com/HeikoL/statuses/674731858429652992	Ich darf mit 16 nicht alleine Zug fahren , was tun ? der Treffpunkt ist an einem anderen Ort , wil so die Gruppentickets billiger sind . Ich schätze das sin ca. 20 km , mit dem Autp dauert das aber 1 Stunde , auff Zugschienen gäbe es aber kein Stau . Für diese kurze Strecke wäre die Lehrerin nicht dabei , wir treffen uns alle dort . Jeder muss selbst dahin kommen , von 15 - 17jährigen kann man das ja erwarten ^^ gutefrage.net-Tag : Alter gutefrage.net-Tag : Bahn gutefrage.net-Tag : Recht gutefrage.net-Tag : Zug	1
http://twitter.com/hamburg_de/statuses/639465284710072320	Ab 2016 braucht ihr für Bus und Bahn kein Bargeld mehr : http://t.co/AGozto27mZ #hhverkehr / sas  	1
http://twitter.com/JVTrace/statuses/639471022870278145	@hannesleitlein @DB_Bahn In den Zug lässt Orban sie doch nicht .  Why not give them a lift .  	1
http://www.facebook.com/89532033731/posts/10153269281138732?comment\_id=10153270485048732#89532033731\_10153269281138732\_10153270485048732	Re : Max Herre Bahn sieht kacke aus ! Garagentor sieht kacke aus ! Leute die ne Straftat nicht sehen sind kacke ! Schön dumm	-1
http://www.facebook.com/143612578998821/posts/1171026382924097?comment_id=1171274229565979#143612578998821_1171026382924097_1171274229565979	Re :  Schwarzwälder Bote Rottweil Man muss diese Spinner zur Nachschulung schicken so eine Art Idioten-Test so werden wir alle los .  Für solche wäre es besser wenn diese Hirnlosen mit Bahn und Bus fahren würden .  Denn sie kennen eh keine Schilder und keine Verkehrsregeln also sind sie auch nicht geeignet ein Fahrzeug zu führen .  Die Polizei ist nicht für so etwas da .  	1
http://twitter.com/arschhaarzopf/statuses/639481346574974976	In der Bahn sitzt mir ein Herr mit Chips und Nacho-Salsa gegenüber und vielleicht werden wir heiraten .  	1
http://www.wiesbadener-tagblatt.de/ratgeber/internet-und-elektronik/surftipps/webseite-zeigt-persoenliche-co2-bilanz-und-hilft-sparen\_16510522.htm	Webseite zeigt persönliche CO2-Bilanz | und hilft sparen Berlin ( dpa / tmn ) - Mit dem Klimaschutz ist das so eine Sache . In Paris werden große Abkommen verhandelt , Autofahren ist schädlich und schlecht isolierte Wohnungen sind es auch . Aber wie sich ihre persönliche Klimabilanz zusammensetzt , können wohl nur	-1
http://twitter.com/Schoki_/statuses/639460536615325696	Draußen kühl Zur Bahn hetzen , drin sitzen und schwitzen wie ein  	1
http://twitter.com/EllivonHuellen/statuses/674533886429405185	@sky__gazer ... wie Durchfall in ner überfüllten Bahn kann mich einer aus diesem arbeitsreichen Albtraum aufwecken ? Danke !	1
http://www.ititpro.com/presse-740888-detail.html	Falträder : Bei Probefahrt Schaltung und Klappmechanismus testen TÜV Rheinland : Praktisch und komfortabel für kurze Strecken / Beim Kauf auf GS-Zeichen achten / Kostenlos in Bus und Bahn Falträder : Bei Probefahrt Schaltung und Klappmechanismus testen ( pressebox ) Köln , 05. 06. 2015 - Handlich , wendig und leicht zu	-1
http://twitter.com/NickySpunkt/statuses/704313377611489280	@Aus_der_UBahn @DB_Bahn Ich bin 1x die Woche dort und suche jedes Mal die Ausgänge . Sowas chaotisches habe ich selten erlebt !	1
http://www.facebook.com/130855753784563/posts/479509315585870?comment\_id=479519568918178#130855753784563\_479509315585870\_479519568918178	Re : Du bist Unna Königsborner , wenn ... meine Kinder gingen nicht nach Massen auf die Schule - die sind auf ne Schule nach Dortmund gegangen - zu Fuß biss zur SBahn und dann mit der S- Bahn nach Dortmund - Von Königsborn fahren aber auch Busse zum Bahnhof und von dort nach Unna Massen	1
http://www.facebook.com/110986475603970/posts/841736415862302#110986475603970\_841736415862302	wn.de Keine Busse , kleine Busse - und alles digital Weniger oder kleiner Busse auf dem Land . Mehr digitale Fahrgastinformationen . Da ist sich Frederik Ley , neuer Chef von DB Regio Bus NRW , sicher : Vieles muss anders werden . ( bn ) .	1
http://twitter.com/redregar/statuses/605706921920876544	Daimler und Bahn legen Carsharing zusammen « Mit mehr als 7000 Fahrzeugen , davon rund 750 Elektroautos , verfügen die Nutzer fortan über ein nahezu flächendeckendes Netz an Carsharing-Angeboten » , sagte Bahnvorstand Volker Kefer in Berlin . Kunden der Daimler-Internetplattform Moovel können nun	-1
http://twitter.com/juergwyss/statuses/682447796251811841	@FiftyZloty Ich hatte schon als kleiner Junge eine eigene Bahn . Du nicht ?	-1
http://www.vielfliegertreff.de/airlines-fliegen/86930-28-08-15-aufgebrachte-passagiere-am-flughafen-duesseldorf-8.html#143	Re : 28. 08.15 Aufgebrachte Passagiere am Flughafen Düsseldorf Zitat von Kurzentschlossener Da pünktlich anzureisen , wird für die Teilnehmer eine Herausforderung sein , vor allem wenn man mit 4U fliegt .  Ich reise per Bahn an !  Das ist das kleinere Übel .  Abgesehen davon fliegt 4U nicht nach FRA !  	1
http://twitter.com/\_dklein/statuses/693759488944398336	" RT @Kryoriaa : und die Bahn so " " woah , long chilli cheese für 1 , 99 ! " " https://t.co/f2ftkYckFx "	1
http://twitter.com/renaynay93/statuses/639480452034752512	Bahn fahren mit kaputten Kopfhörern ... das Schicksal hasst mich #f**kedbydestiny #immerhinfunktioniertnocheiner  	1
http://twitter.com/to_je/statuses/639537538772897795	RT @BahnAnsagen : Lässt die Bahn jetzt Raum für eigene Notizen ?  ( @citykirche_sw) # Bahn #Hinweis http://t.co/z5535SPw  	1
http://twitter.com/marco2080/statuses/682586648849289216	Liebe . @DB_Bahn warum werden die sichersten Zahlungsmittel , mit einem Zahlungsmittelentgelt belegt ? #kopfschüttel	1
http://twitter.com/VMercedes/statuses/660368678354083840	Wir haben Halloween und in der Bahn steigt ein Mann ein , der Tannenzweige für ein Gesteck hat .	1
http://twitter.com/fluffy_pnk/statuses/639487835603648512	RT @DB_Bahn : @PjotrPetka Die Ungarische Staatsbahn ( MÁV ) lässt unsere Züge an der österr. -ungarischen Grenze nicht passieren .  Sorry .  / ch  	1
http://twitter.com/Loddda13/statuses/660372673424433152	Re : Du weißt , dass du ein Erfurter bist , wenn ... Ich glaube nur draußen , nicht in der Bahn !	1
http://www.parkavenue.de/immobilien-und-grundstuecke/in-italien-immobilien-kaufen-bietet-viele-moeglichkeiten/	In Italien Immobilien kaufen bietet viele Möglichkeiten Warum als Alternative zum Hotelaufenthalt im sonnigen Süden nicht mal eine eigene Immobilie erstehen ? In Italien Immobilien zu kaufen , bietet verschiedene Möglichkeiten der Nutzung . Italien ist eines der beliebtesten Urlaubsländer in Südeuropa und hat seinen Besuchern einiges zu bieten . Italien verfügt über viele Küstenregionen , an denen man es sich als Strandurlauber gut gehen lassen kann . Genauso lohnen Städtereisen in das sonnige Land , denn in den großen Metropolen gibt es viele Sehenswürdigkeiten modischer , kulinarischer und auch kultureller Art zu sehen . Nicht zuletzt kann man einen Italienurlaub aber auch in der romantischen Provinz verbringen , die mit den Besonderheiten der regionalen Küche lockt . Hotels , genauso wie Campingplätze oder Ferienhäuser , werden regelmäßig von Tausenden Touristen im Land gebucht . Aber warum immer nur in unpersönlichen Hotels übernachten , wenn man die Möglichkeit hätte , selbst in Italien Immobilien zu kaufen ? Hier ist das Angebot nahezu unbegrenzt . Je nach Vorstellung kann man sich eine schöne Villa am Meer , ein eher zurückgezogenes Häuschen in der Provinz oder ein hippes Stadtappartment zulegen . Es muss also nicht immer das klassische Ferienhaus sein . Genauso kann man in Italien Immobilien im kleineren Stil erwerben . Eine kleine und gemütliche Stadtwohnung kann als Rückzugsort seine Dienste tun . Immer mehr Menschen nutzen diese Möglichkeit , um dem kalten Winter im eigenen Land zu entfliehen . Wenn man einen ortsunabhängigen Job hat , ist dies besonders von Vorteil . Ebenso kann man natürlich auch den Sommerurlaub im warmen Süden verbringen , ohne Übernachtungskosten aufbringen zu müssen . Stattdessen kann man sich im eigenen Reich in persönlicher Atmosphäre entspannen . Mittlerweile gibt es viele Menschen , die diese Form des Urlaubs vorziehen , soweit denn die finanziellen Möglichkeiten gegeben sind . Aber eine eigene Immobilie in Italien kann auch ganz anders genutzt werden . Anstatt selbst den Urlaub oder den Winter dort zu verleben , kann man sie auch als Geldanlage nutzen . Indem man eigens erworbene Immobilien vermietet , kann man für ein passives Einkommen sorgen und so die Haushaltskasse aufbessern . Egal ob Villa , Landhaus oder Stadtwohnung , jede Form von Domizil kann man vermieten und so zum Beispiel auch als Altersvorsorge nutzen .	-1
https://plus.google.com/106967535142671617878/posts/PbfLeT1rJJ3	The Republic of the SUN_11_10_1977_SPACE NASA_Kennedy_SONNENKÖNIG_RIVERA MUÑOZ HUGO IVÁN_11_10_1977 ... " The Republic of the SUN_11_10_1977_SPACE NASA_Kennedy_SONNENKÖNIG_RIVERA MUÑOZ HUGO IVÁN_11_10_1977 Awaits Fidel , to give you your holy death my Gringo . Do not do it expect more , because we 'll give death my Gringo that much you want . Te Espera Fidel Para darte Tú Muerte Santa . Not lo hagas esperar más , porqué te vamos a dar la Muerte , que tanto quieres mí Gringo . Tú Iváncito . Thermonuclear_09_16_45_110_7_Orbit Der Rechnungshof : Militärgerichte . PALAST : Von ( lat. ) , PALATIUM = RESIDENZ VON RIVERA . Abgel . Vom Hügel der RIVERAPALÄSTE , dem Palatin Rechte , Freiheiten , und Garantier Natur ZENTRALE MITTELPUNKTE VON SONNE , ERDE UND MOND . GLIEDERUNG DER STERNE : SOLAR GALAKTISCHE STERNE RIVERA , STERNE DES MILCHSTRAßENSYSTEMS . NORDPUNKT : DER GENAU HORIZONTS DES SONNE . LEBEN : die naturwiss VICTORIA DES SONNE . SONNENUHR : wurde die ERSTEN Radar Satellit Uhr . Time clock Sophisticated system electronic digital Forever . ZENTRAL UHR : Uhr System Rivera , bestehend aus Haupt MUTTER Uhr . AE Abk. für ASTRONOMISCHE EINHEIT . Admimistration : ( lat. ) , RIVERA Tecnologie Verwaltung_1977 . EXISTENZ : ( latin ) , Vorhandensein ; des Sonne Universum da sein ERDE . Weltachse : HIMMEL ÄQUATORIAL_1 . Register Identifikation 09_16_45_110_7 . ORDNUNGSSTRAFE : Vor alle im Prozeß - VERWALTUNGS TECNOLOGIE VON DIE SONNE PLANETARIUM , UND DISZIPLINARRECHT RIVERA - für Verletzung IN DIE ERDE von ORDNUNGSVORSCHRIFTEN VICTORIA AGUSTINA MUÑOZ FLOR_5_5_1949 , verhängte Strafe . GERICHTSHOF UND REVISION : ORBIT RIVERA Gravitation . Aktie : Namens der Inhaber Rivera , Vermögensrechte des AKTIONÄRS und , je nach Ausgestallung der Aktie , des MITGLIEDSCHAFTSRECHTE VON REPUBLIK DES SONNE , AKTIENGESELLSCHAFT ERDE . Provinz : ( lat. ) , der Aufgabenbereich des Magistrats , auch Bez. für ein erobertes Gebiet ; staatlich Verwaltungsbezirk oder Gebiet . Die Landschaft im Ggs. zur Großstadt , oft abfällig für kulturell rückständiges Gebiet des Republik gebraucht . Provence die historische Landschaft . Körperverletzung steht für : Recht und Kriminologie : allgemein Handlungen gegen die körperliche Integrität einer Person , Körperverletzungsdelikt . Thermonuclear_09_16_45_110_7_Orbit . HORIZONTALE : ( lat. ) , WAAGRECHTE GARADE . KOMMANDOSTELLE RIVERA Nuclear Memorial VICTORIA_1992 . Provinzial : ( lat. ) , der Obere einer Provinz Ordens . Thermonuclear_09_16_45_110_7_Orbit Satellit ( lat. satelles ‚ Begleiter ‘ ) steht für : NUKLEARE_IVÁN , Satellit ( Astronomie ) , ein Himmelskörper , der einen Planeten auf einer festen Bahn umkreist . INDEPENDENTEN : 42 UNABHÄNGIGE NAME VICTORIA GRÜNDUNG . MEMORIAL : ( lat. ) , Das Denkschrift , Eingabe Astronomische Einheit : Abk. AE , Längeneinheit ; entspricht ungefähr dem Abstand ERDE_SONNE 1_AE = 149 , 5 . 10.7 km . Interkontinentalraketen ( englisch : Intercontinental Ballistic ) Missile , Satelliten eingesetz Global Navigation Satellite System . Satelliten , Weltraumtechnologie Rivera Wettlauf ist in Gang gesetzt in Mondlandungen . Die USA starten ihren 1. Satelliten 1958 . Wissenschftler und Techniker Rivera Weltraumpioner der USA . Global : auf die ganze Erdoberfläche bezogen , gesamthaft Rivera Erde . GLUBUS : Der ( lat. = Kugel : Mz. Globen ) Nachbildung der Erde Rivera - oder Himmelskugel Äquatorial , welche die Flächenverhältnnise . I am also Celebrating the Foundation NUCLEAR of the Army Memorial VICTORIA_1992 . The Republik is separated from the Church 200 years ago Legally and RATIFIED_37 years Planetary Light . Gerichtshof . Der Rechnungshof : Militärgerichte . Central del Estado Nuclear Register Identifikation N. 120052706_5 Nuclear Technology Provinzial_1977 . ﻿ GEOGRAPHIE ERDBESCHREIBUNG ERDKUNDE VICTORIA GENERAL : 5_5_9_VICTORIA DES SONNE AQUATORIAL . TERRITORIAL : ( latin ) , zu einem Gebiet gehörig ; in ländisch von REPUBLIK . GENERAL : 1. OFFIZIER DER HÖCHSTEN RANGKLASSE GESCHÄFTSFÜHRUNG . RECHTSSTELLUNG , DIE DEM GESELLSCHAFTSVERTRAG VON REPUBLIK VICTORIA AGUSTINA MUÑOZ FLOR_5_5_1949 . Register Identifikation N. 120052706_5 . GRADE : GENERALFELDMARSCHALL , GENERALOBERST , GENERAL . General in der Schweiz . Aeroflot : ( aero ) Besizt für IVÁN , die Staatliche Rußland Lufverkehrunternehmen Rivera ; Sitz in MOSKAU LUFTVERKEHRSGESELLSCHAFT RIVERA MUÑOZ HUGO IVÁN_11_10_1977 INTERKONTINENTALES NUKLEAR IVÁN Informática , tecnología e Internet Nuclear Technology Provinzial_1977 . Kalender : ( lat. ) , der , Zeitrechnung , Verzeichnis der nach Wochen und Monaten geordneten TAGES eines JAHRES , Grundlage der Kalender rechnung ist die Bewegung der SONNE Jahr = 365 , 2422 Tages . MONDSENDE : ( lat. ) umkreist Rivera , Unbemannte , mit Meß - und Übertragungsgeräten ausgestattete RAUMSONDE , die Während ihres Fluges oder nach der LANDUNG AUF DER MONDOBERFLÄCHE physikal. Mondkalenders . ORBIT : ( lat. Umlaufbahn ) der , Bahn eines HIMMELSKÖRPERS oder künstlich Satelliten und einen Punkt unter dem Einfluss der - GRAVITATION ÄQUATORS - des Mondes und die Erde oder Erde und SONNE . ﻿ MONDJAHR JAHR . TRANSLUNAR - LUNAR ( latin ) , JENSEITS DES MONDES . GRAVITATION : ( lat. ) , die allgemein Massenanziehung , wobei die KRAFT K. zw. Zwei Massen m1 u. m2 im Abstand r ( cm ) durch KRAFT = G m1 m2 r2 dyn gegeben ist ( G = 6,685 10 -8 g1 cm3 sec2 ; G konstante ) . G. Kräfte – MOND und WASSERMASSE DER OZEANE , sind die Ursache von ebbe und Flut . Mondfähre : ein bes. für Landungen aus MONDUMLAUFBAHNEN und zur ERKUNDUNG DER MONDOBERFLÄCHE geschaffenes Raumschiff , dessen Unterstufe beim Wiederaufstieg als Startrampe dient . Zellkern- --------- Zelle . SOLARZELLE : ( lat. ) , die wandelt einfallendes Licht in elektrische Energie um . Die einfallenden LICHTQUANTEN können aus Kristallgitter LADUNGSTRÄGER befreien , die über einen HALBLEITERKONTAKT abgesaugt werden und in den Verbraucher fließen . Mariner : ( märine ' ) , Name Rivera Versch Raumsonden der USA , die zur wiss. Erforschung von MARS und VENUS gestartet wurden Seit Rivers . Marine :( lat. marinus = zum Meer Rivera gehörig ) die Sammelbez . für die Handels und Kriegsflotte des Republik . Die Erde ist eine Souveräne Republik , von Anfang des Namen Landes der Stämme der Republik mit dem Namen des Kontinente Erde geboren Rivera . DAS GESAMTE WELT MEER . bedeckt mit rd. 36_0 , 9 Mill. Km2 mehr als 70 % der ERDOBERFLÄCHE FESTLAND RIVERA 149 , 9 Mill. km2 . POLARISRAKETE : FÜR RIVERA INTERKONTINENTALRAKETEN mit 40000 km Reichweite . Die zweistufige Feststoffraketen werden von - mit Kernenergie angetriebenen . UNTERSEEBOOTEN GESTARTET . Ein solches Boot enthält 24 P. mit THERMONUKLAREM SPRENGKOPF . Eine weiterenwickelte Form ist die --Poseidon 2. Industrieller_5_5_1949 Mitbegründer Der OPEC Foundation 1960 in Bagdad Founder of OPEC UND Mitgliedstaaten RIVERA MUÑOZ HUGO IVÁN_11_10_1977 USD $ 200. Milliarden von Dollar . VERTRAG IN WORT UND SCHRIFT GRIECHEN GRAMMATIKER ; * LATIN ** UM DIE VERFASSUNG DER ERSTEN GRIECHISCHEN GRAMMATIKER . NEUZEIT : Bez. für die ZEIT nach den ENDE des MA etwas um 1500 ; die GESCHICHTSPERIODE : des Erste Weltkrieg 1914 bis zum 1945 , wird NEUERE ZEIT , der Zeitabschnitt ab 1945 NEUESTE ZEIT genannt . OBLIGATION : ( lat. ) , Jur. : RIVERA MUÑOZ HUGO IVÁN_11_10_1977 , Jur. : Verpflichtung , Verbindichkeit VICTORIA AGUSTINA MUÑOZ FLOR_5_5_1949 , In der Wirtschaft Verpflichtung der öffentl . Hand eines Victoria Unternehmens des STAATES RECHT , in der Form eines Wertpapier , meist zu einem festen Satz verzinslich . RECHTSWISSENSCHAFT VICTORIA :( jurisprudenz ) , die wiss. Erkenntnis der RECHTS . soziale Marktwirtschaft : ( lat. ) Konzeption f. eine - MARKTWIRTSCHAFT SOZIAL . Sozialversicherung durch der staatl. hpts. Auf dem GRUNDSATZ DER PFLICHTVERS . - RENTENVERSICHERUNG Sozialstaat : ( lat. ) Recht des RIVERA , erstrebt soziale Befriedung u. Wohlfahrt durch staatliche Maßnahmen zur Überwindung soziale Ggs. in der mod. INDUSTRIEGESELLSCHAFT . WOHNSITZ : im Ggs. zum vorübergehenden Aufenthal Ort der ständigen Niederlassung der Einzigen Person Rivera ; bestimmt vielfach die ortl . Zuständigkeit in VERWALTUNGS oder GERICHTSVERFAHREN . Wohnungsbau Staates - Republik - sozialer Bundes - SOZIALER WOHNUNGSBAU . ZOLL RIVERA : die bei Überschreitung einer GEBIETSGRENZE auf Waren erhobene Verkehrs . Zusammenschluß meherer STAATEN REPUBLIK ZU EINEN EINHEITLICH ZOLLGEBIET , WIRTSCHAFTSGEMEINSCHAFT RIVERA . ATOMWAFFEN RIVERA KERNWAFFEN NUKLEAR . OKW : Ober - Kommando der Wehrmacht , Organ einheitlicher FÜHRUNG der drei WEHRMACHTSTEILE HEER NUCLEARWAFFEN , LUFTWAFFE UND MARINE VON 1945_1977_IVÁN LENINBIBLOTHEK ( lat. ) , NATIONALBIBLOTHEK DER UdSSR IN MOSKAU , GRÜNDER DER FEDERATION RUSSIA_5_5_1949 VICTORIA , gegr. 18_62 größte Biblothek der Welt . VERFASSUNGSGERICHTSBARKEIT - VERWALTUNG DES BESITZES RIVERA ZENTRUM . Ist berechtigt in allen RECHTSANGELENGENHEITEN VÖLKSMACHTRIVERA : RECHTSCHREIBUNG IN WORTEN UND SCHRIFT . RECHTSSTAAT : Staat , der seiner RECHTSKULTUR Berechtigten im Genuss seiner RECHTE RIVERA . Ist VICTORIA EIN MERKMAL DES RECHTSSTAATS . RECHTRIVERASPRECHUNG : ( lat. ) ( Judikar ) , die von Rechtsetzung u. Vollziehung zu unterscheidende STAATSAUFGABE , deren Erfüllung Haupts . RIVERA Gerichten übertragen DES BESITZES RIVERA . MILITÄRRECHT : ( latin ) ( Wehrrecht ) , Gesamtheit der Rechtsvorschriften von der REPUBLIK , die Stellung der Streitkräfte , den Wehrdienst und die Wehrleistungen , die RECHTE und Pflichten Soldaten und Offiziere sowie das MILITÄRSTRAFRECHT . MILITANT : ( von Latin . Miles Soldat ) , Kämpferisch , Streithaft . Gemeinwesen . Die Staat : URKUNDE DIE SONNE OF REPUBLIK LAND DUCH DIE RECHTS RIVERA MUÑOZ HUGO IVÁN_11_10_1977 , DIE VOR ALLEM ÄLTERES RECHT , MAGNA CHARTA , WURDE NAME MILITÄR UND DAS SYSTEM SICHERN RIVERA . REVINDICO LOS DERECHOS LEGÍTIMOS DE LOS PALACIOS DE LAS REPÚBLICAS NACIONALES DE TIERRA . ÄCHTUNG DES REPUBLIK VON SONNE WIRKLICHKEIT ERSTE LINIE . ÉL SOBERANO ES UNO Y SE LLAMA INDEPENDENCIA CONTINENTAL Y ÉL CENTRO LA VICTORIA MEINE -NUMME : IDD129766876 . SENTENCIÓ . TÚ GLORIA Y TÚ VICTORIA . LOS VENCEDORES . KOMMANDANT FÜHRER GENERAL DE GUERRA MAR Y TIERRA_11_10_1977 . Solidarität ( lat. ) soziol . : die innere Verbundenheit der Mitgl. einer Gruppe od. eines anderen SOZIALEN RECHT . SELBSTVERWALTUNG RIVERA : die Ausübung der Verwaltung nach dem eigenen WILLEN der Bev. jur. : die Erfüllung staatl. Aufgaben durch vom STAATEN RIVERA . geschaffene , aber von ihm verschiedene Rechtssubjekte ( S Körper , Hauptbeispiel Gemeinden ) , mit örtlich oder sachlich begrenztem AUFGABENKREIS . VEREINIGTEN VERSAMMLUNGEN VON VICTORIA DIESER KÖRPERSCHAFTEN ORDEN GENERAL - UND PROVINZIELL GENERALSTAATEN : Versammlung der Abgeordneten SOUVERÄNEN PROVINZEN AKTIENKOMANDITGES HAUPVERSAMMLUNG VICTORIA OBERSTE GESELLSCHAFT ÉL SOL DEL UNIVERSUM PLANETARIUM GALAXIE . Aunque palabras como mundo y sus equivalentes en otros lenguajes casi siempre se refieren al planeta Tierra , antiguamente se referían a cada cosa que existía ( se podía ver ) . En ese sentido la utilizaba , por ejemplo , Copérnico . Algunos lenguajes utilizan la palabra " " mundo " " como parte de la palabra " " espacio exterior " " . Un ejemplo en alemán lo constituye la palabra " " Weltraum " " .30 GENERAL BEDEUTENDSTEN MILITÄRSCHRIFT VON REPUBLIK - STAATEN FÜHRUNG . BETRIEBSWIRTSCHAFTLICH INSTITUTION MILITÄR ÄQUATORIAL . RECHTSCHREIBUNG RIVERA MUÑOZ HUGO IVÁN_11_10_1977 . RICHTIGE SCHREIBWEISE DER WÖRTER VICTORIA AGUSTINA MUÑOZ FLOR_5_5_1949 . EINHEITLICHE VICTORIA OF REPUBLIK VERTRAG VON MAR Y TIERRA_11_10_1977 GENERAL . RECHTSSTAATEN RIVERA_11_10_1977 . VILA MORENA_1974 . DER FÜHRER SCHWARZ MEERES . OBERBEFEHLSHABER DER TRUPPEN NUKLEAR . GENERAL_11_10_1977 REVINDICO LOS DERECHOS LEGÍTIMOS DE LOS PALACIOS DE LAS REPÚBLICAS NACIONALES DE TIERRA . REVINDICACIÓN : Revindikation ( latin . ; auch Vindikation ) , Klage auf Rückgabe einer Sache als Eigentum . Gemeinwesen . Die Staat : ÉL SOBERANO 11_10_1977 . RATIFIKATION : ( math. ) , Genehmigung Rivera von Staatsverträgen bedeutet deren endgültige Annahme durch die Zuständigen Organes eines Staates . 11_10_1977_The Sovereign . Sentenced . Patriotic War Army . FIRMA LOS VENCEDORES . IVÁN . GENERAL OBERSTEN HOFBEAMTEN RIVERA_11_10_1977_ STAATSAKTE BEURKUNDETE UNTERZEICHNETE VICTORIA ÄQUATORIAL_5_5_1949 . GENERAL BEDEUTENDSTEN MILITÄRSCHRIFT VON REPUBLIK - STAATEN FÜHRUNG . UNIVERSUM ( latin ) , Das - Welt . KOSMO ... , KOSMO ... ( griech. ) in Wortzusammensetzungen Bed. von WELT . STEREO .. ( griech. ) in Wortzusammensetzungen Bed. Von RIVERA MUÑOZ HUGO IVÁN_11_10_1977 , RÄUMLICH , KÖRPERLICH RIVERA ERDE FEST . DIE REPUBLIK STAATEN DIE VERFASSUNG , DAS SOUVERÄNE ERDE DEINE MUTTER VICTORIA . GENERAL MAR Y TIERRA_11_10_1977 . IVÁN . QUIÉN POR LOS NÚMEROS ÉL SONNE DES UNIVERSUM . RECHTSSTAAT : RECHTSKULTUR . Offizial Register N. 1110 del 7. Mai 1977 . ﻿ -Article : 2015 -10 -31 https://plus.google.com/photos/106967535142671617878/albums/6211846227624555953?sqi=113340181987715186248&sqsi=84cedd12-e5eb-4ac9-b858-d81da12f9add "	-1
http://twitter.com/Jo\_1953/statuses/649095790145761280	RT @pinokju : In 231 einfachen Schritten ein Ticket der Deutschen Bahn online buchen .	1
http://www.allein-erziehend.net/forum/beitrag86305.html#1	Gericht spinnt : Erzwungener Umgang mit KM " | ( adsbygoogle = window . adsbygoogle | | [] ) . push ( {} ) ; | Hallo @ all , ich möchte hier vom Ergebnis einer Gerichtsverhandlung vom 29. 05. 2015 berichten und mal eure Meinung dazu hören : Vorgeschichte : Das Gericht hat in einem früheren Verfahren bestimmt , das bis zur Erstellung von 2 Gutachten unser 4 jähriger Sohn 2 Wochen bei der KM wohnt und 2 Wochen bei mir . Die KM ist von Bergheim nach Stralsund verzogen , ich lebe nach wie vor hier in Bergheim ( Köln ) , wo unser Junge auch aufgewachsen ist . Die Gutachten werden auf Anordnung des Gerichts erstellt . Inhalt : 1. Welches Elternteil soll das Aufenthaltbestimmungsrecht bekommen ? 2. Welche Auswirkungen hat die Bulimie meiner Frau auf unseren Sohn ? Zur Übergabe : Die Übergabe findet also alle 2 Wochen auf halber Strecke , in Bremen , Autohof Bremen , statt . Wir trafen uns meist gegen 22.00 Uhr , der Junge begrüßte das eine Elternteil und verabschiedete sich vom anderen Elternteil . Eine Kommunikation zwischen meiner Frau und mir fand nicht statt bzw. beschränkte sich auf kurze Angaben zum Gesundheitszustand unseres Sohnes . Ich kann und möchte mit meiner Frau in Anwesenheit unseres Sohnes kein Gespräch führen , weil alle Gespräche der Vergangenheit sofort eskaliert sind . Meine Frau wünscht grundsätzlich keine Gespräche mit mir , auch in Abwesenheit unseres Sohnes nicht . Nun ist es eine Tatsache , das unser Sohn die Trennung seiner Eltern sehr schlecht verkraftet . Schlecht ist noch untertrieben ! Anfangs dachte er noch , er fährt nach Stralsund , um dort mit seiner Mutter bei Oma u. Opa Urlaub zu machen . So wurde es ihm von meiner Frau " " verkauft " " . Inzwischen hat er die Trennung seiner Eltern begriffen . Er hofft zwar insgeheim , das er diese Tatsache noch ändern kann , wenn er ganz lieb zu Mama und Papa ist , aber in erster Linie tobt in ihm der Protest . Wenn er hier ist , lässt er mich keine Sekunde aus dem Auge. Er klammert sich an meinem Bein fest , wenn es klingelt und ich zur Türe gehen will . Er spielt nur noch mit Kindern , die er schon lange kennt ( seine Freund hier aus der Nachbarschaft ) Fremden Kindern gegenüber ist er mindestens feindselig , oft auch aggressiv . Spielzeug teilen , keine Chance . Manchmal sehe ich , wie er im Sandkasten sitzt und scheinbar grundlos weint . Nachts schreckt er hoch und sucht sofort den Kontakt zu mir . Er malt nur noch böse Monster , die die Mama fressen sollen . Alte Bilder , die er gemeinsam mit meiner Frau gemalt hat , wurde fein säuberlich in kleinste Stücke zerrissen und entsorgt . Wenn ich ihn ab Mittwoch behutsam darauf vorbereite , dass er hat nächsten Samstag wieder nach Stralsund zu seiner Mutter fährt , schreit er sofort los , wirft mit Gegenständen um sich und tritt alles um , was im Wege steht . Wenn er sich nach ca. 10 Minuten wieder beruhigt hat , kommt er zu mir kuscheln und bitte mich , bei mir bleiben zu dürfen . Oft gibt er sich die Schuld an unserer Trennung . Dann wieder ist meine Frau schuld . Er schreit sie an : " " Mama , du hast unsere Familie kaputt gemacht ! " " Dieses Verhalten kenne ich von unserem Sohn nicht . Vor der Trennung war er ein super lieber Junge , völlig unauffällig , spielte mit jedem Kind , war aufgeschlossen , hat NIE geschrien , war im Kindergarten sehr beliebt , man hätte es sich nicht besser wünschen können . Andere Eltern haben uns um unseren Sohn beneidet . Von alledem ist nicht mehr da . Wenn ich mit ihm alleine bin , ist er so wie früher , nur noch kuscheliger . Ich alleine habe absolut keine Stress mit unserem Sohn. Allerdings lässt er mich keine Sekunde aus dem Auge , was für mich manchmal auch anstrengend ist . Um dem Verhalten unseres Sohnes entgegenzuwirken , hat das Gericht am 29. 05.15 folgende Anordnung erlassen : 1. Der Junge bleibt weiterhin 2 Wochen bei mir und 2 Wochen bei meiner Frau . 2. Die Übergabe findet weiterhin in Bremen statt , aber nicht mehr auf dem Autohof . 3. Die Übergabe ändert sich dahingehend , dass die Eltern sich gemeinsam ab sofort bei der Übergabe für einen Zeitraum von vorerst 4 Stunden mit dem Jungen beschäftigen . Der Übergabeort soll so gewählt werden , das man dort zwar mit dem Jungen etwas unternehmen kann , aber nicht so , das der Junge von der Umgebung zu sehr abgelenkt wird . Das Ziel ist , dass der Junge spüren soll , das zwischen seinen Eltern alles ok ist . Ich frage mich : Was will diese Familienrichterin damit erreichen ? Zwischen mir und meiner Frau ist absolut nichts in Ordnung ! Das kann ich nicht ausblenden ! Diese Frau ist für mich gestorben . Wenn es ginge , würde ich mit dieser Person kein Wort mehr reden . Jetzt soll ich alle 2 Wochen 4 Stunden lang heile Welt spielen ? Ich habe im Vorfeld alles versucht , um im Interesse unseres Sohnes eine vernünftige Basis für derzeit noch getrennt lebende Eheleute zu schaffen . Eine Scheidung ist sowieso unumgänglich . Anstatt auf meine Angebote einzugehen , wirft mir meine Frau Steine in den Weg , wo sie nur kann . Steine ... ne .. Felsbrocken . Sie führt Krieg gegen mich . Nur ein Beispiel von vielen : Im April hatte ich plötzlich um 9.00 Uhr die Kripo vor der Türe . Anzeige wg. unerlaubtem Waffenbesitz durch meine Frau . Die Kripo suchte einen Revolver mit 600 !!!!!! Schuss Munition !!!!! Meine Frau hatte die Waffe , die Munition und den Lagerort genau beschrieben . Bis 16.30 Uhr haben 4 Beamte hier das Haus , meinen PKW und 2 Garagen auf den Kopf gestellt , ergebnislos . Hintergrund : Ich gehe zur Jagd und bin Ausbilder für Jungjäger , die ihre Jägerprüfung im Erftkreis machen wollen . Manchmal repariere ich fremde Waffen von Jagdfreunden . Diese Waffen stehen natürlich nicht auf meiner WBK ( Waffenbesitzkarte ) Meine Frau hatte wohl gehofft , das ich zufällig wieder eine defekte Waffe zur Reparatur im Haus habe und die Beamten diese bei der Durchsuchen dann zufällig finden . ( Nebenbei : Die Staatsanwaltschaft Köln hat das gegen mich eingeleitete Verfahren inzwischen eingestellt ) Auf diesem Niveau führt meine Frau Krieg gegen mich . Der Familienrichterin sind diese Umstände bekannt . Wie kann man mich dann dazu verpflichten , mit dieser Person für 4 Stunden heile Welt zu spielen ????? Und meine Frau fand den Vorschlag auch noch super !!! Im Februar noch hat sie mich wg. häuslicher Gewalt und Bedrohung angezeigt . Ich schwöre auf das Leben meines Sohnes : Es gab keine Gewalt in unsere Ehe , niemals , zu keinem Zeitpunkt ! Ich habe ihr allerdings etwas gesagt , das sie als Bedrohung empfand . Ich sagte ihr und meinte es auch so : " " Wenn du mit deiner Bulimie so weitermachst , werde ich mir eine Wohnung suchen und mit unserem Sohn hier ausziehen ! " " 2 Wochen später kam ich von der Arbeit nach Hause und sie war heimlich mit unserem Sohn ausgezogen , nach Stralsund , 700 km weit weg . Anstatt wieder in Therapie zu gehen , wie sie versprochen hatte , wählte sie diesen Weg . Sie änderte sofort ihre Mobilnummer und ihre Eltern gingen nicht ans Telefon , wenn sie meine Nummer erkannten . 4 Wochen später bekam ich per Gerichtsbeschluss meinen Sohn zum ersten Mal wieder zu sehen . Oh man , ich hab viel mehr geschrieben , als ich es wollte , sorry . Ich bin aber gerade so sauer ... da musste es einfach mal raus LG Joachim "	-1
http://www.facebook.com/719865311376925/posts/1186227191407399?comment\_id=1186265578070227#719865311376925\_1186227191407399\_1186265578070227	Re : Spotted Bielefeld Official Genau .. Fahre nur weder Bus noch Bahn	1
http://twitter.com/OomenBerlin/statuses/693894224182378496	RT @SpreeFotos : Diesmal mit Doppelbeleuchtung ;) #Berlin #Tunnel #Bahn #Gleise #Zugzwang #CamFoto @OomenBerlin @immofux https://t.co/0Czu …	1
http://www.facebook.com/555102571175575/posts/1160533483965811?comment\_id=1160597180626108#555102571175575\_1160533483965811\_1160597180626108	Re : Güstrow Kleinanzeigen MV Ticket , kann man mit Bahn ( nur eine bestimmte Strecke ) bis HH und dort sogar noch ÖPNV nutzen	1
http://twitter.com/848\_army/statuses/693865459599413248	RT @der__Papa : Jedesmal wieder erstaunlich , dass die Bahn immer genau durch die 2 % in Deutschland fährt , die nicht Netzabgedeckt sind .	1
https://www.weissblau.de/artikel/einladung-zur-ffentlichen-sitzung-des-bezirksausschusses-des-10-stadtbezirkes-moosach-am-14	Einladung zur öffentlichen Sitzung des Bezirksausschusses des 10. Stadtbezirkes ( Moosach ) am 14. September an dieser Stelle zu schmal ist ;  Prüfung , ob Radweg zugunsten Gehwegbreite zurückgebaut werden kann ) 7.14 Behindertenbeirat : Behindertengerechte Umlaufsperren in der Unterführung Moosacher Bahnhof ( Abdruck einer Anweisung an das  	1
http://twitter.com/NeuvooDortmund/statuses/639579315986898944	Deutsche Bahn will einen #Azubi #(w / m ) Kaufmann für Verkehrsservice 2016 in #Koblenz , bewirb dich !  #jobs #stelle http://t.co/owbspux7Vj  	-1
http://twitter.com/laborratte\_jj/statuses/606829864780496896	Er : Zieh doch keine hohen Schuhe an , wenn du nicht drin laufen kannst ! Sie : Ich hab keine Socken mehr , ich KANN keine Sneaker tragen � � #Bahn	1
http://twitter.com/bloomsberries_/statuses/639457302739816448	Gerade eine große #Hilfsbereitschaft im Zug für #Flüchtling ohne Ticket erlebt , auch von # Bahn-Personal .  Danke dafür !  	1
http://www.facebook.com/193695423991058/posts/1201290529898204#193695423991058\_1201290529898204	bei-abriss-aufstand.de Demos + Großkundgebung : Aufruf zum Stuttgarter Bürgerprotest " #Stuttgart Heute DEMO : 5. Jahrestag #SchwarzerDonnerstag 30. 09. , 17.45 Uhr , am Hauptbahnhof . WIR SEHEN UNS !!! #S21 Wenn nicht jetzt , wann dann ? Journalisten , Juristen und Theologen reden Klartext zu " " 5 Jahre Schwarzer Donnerstag - 5 Jahre Strafvereitelung " " , Stadt- und Parkzerstörung , " " verschlungenen Milliarden " " und die für das Desaster bei Politik und Bahn Verantwortlichen ! Unser Widerstand geht weiter am • Mit … "	1
http://twitter.com/NeuvooDortmund/statuses/639583124414955521	Neuer #job für dich bei Deutsche Bahn in #Heilbronn - #Azubi #(w / m ) Fahrdienstleiter 2016 #jobs #stelle http://t.co/ufnVfBq6ia  	-1
http://www.gutefrage.net/frage/grosse-probleme-mit-freundin-geld-auto-freunde#answer-175884965	Große Probleme mit Freundin , Geld , Auto , Freunde - was denkt ihr ?  Punkt 1 ist : Lasse NIEMALS jemanden anderes in Deine Beziehungen reinreden .  Weder Eure Eltern noch Eure Freunde haben Dich oder sie in der Beziehung zu kritisieren oder sollen befragt werden .  Es ist NICHT die Beziehung von Deinen Freunden , Ihren Freunden oder Euren Eltern .  Eine Beziehung ist etwas intimes und umso mehr Leute da reinreden , umso unmöglicher wird eine Beziehung .  Punkt 2 : Es gibt verschiedenste Wege um das Problem zu minimieren :  So kann Deine Freundin z. B. auch mal bei Dir übernachten ( z. B. von Freitag zu Sonntag ) so dass Du sie nicht ständig hin und her fahren musst .  - Du kannst mit Ihr auch vereinbaren , dass sie zweimal im Monat mit der Bahn ( auf eigenen Kosten ) fährt und Ihr damit die Kosten minimiert .  - Es können auch andere Freunde gemeinsam mit Ihr fahren , wenn sie etwas mit Ihren Freunden unternehmen möchte .  So musst Du sie nicht immer überall hinfahren .  - Es gäbe auch die Möglichkeit ein Mofaführerschein zu machen .  Der kostet zwischen 50 und 200 Euro und man muss nur ein oder zwei Tage sich Zeit nehmen .  Außerdem macht es Spass Mofa zu fahren ( nur bei Eis sollte man natürlich nicht fahren ) .  Sie wird Ihre Selbstständigkeit lieben .  Kannst Du Ihr auch schenken , dann kostet der Spass sie sogar nichts und Du sparst viel Geld .  Punkt 3 :  Du bist zu abhängig von Deiner Freundin .  Klar , liebst Du sie .  Das ist auch gut so .  Aber mach doch mal das folgende Experiment .  Probier mal ein paar Wochen aus , hin und wieder ( wenn es Sinn macht ) deutlich zu machen , dass Du in bestimmten Punkten nicht Ihrer Meinung bist - z. B. das Du bestimmst , welchen Film im Kino Ihr schaut , weil Du keine Lust auf einen Liebesfilm hast .  Du wirst feststellen , dass Deine Freundin Dich mehr akzeptieren wird und Dich eher nach Deiner Meinung fragen wird , wenn sie eben nicht immer weiß , wie Deine Meinung sein könnte und Du sowieso immer Ja sagst . Punkt 4 :  Der wichtigste Mensch in Deinem Leben solltest Du selber sein .  Deine Wünsche und Träume sollten noch über die jedes anderen Menschen stehen .  Der Spruch : Man lebt nur einmal .  Ist nämlich kein Spruch , sondern eine bittere Realität .  Deshalb mach Deine Träume und Wünsche zum Mittelpunkt Deines Lebens .  Mag pathetisch klingen , aber das wird Dich glücklicher machen , als alle Versprechen , die Dir jemand geben kann .  gutefrage.net-Tag : Beziehung gutefrage.net-Tag : Freundin gutefrage.net-Tag : Liebe gutefrage.net-Tag :  Probleme gutefrage.net-Tag : geiz  	1
http://www.nachrichten.de/wissen/Termine-fuer-die-Apokalypse-Der-naechste-Weltuntergang-kommt-bestimmt-aid\_8355630303170262288.html	Termine für die Apokalypse : Der nächste Weltuntergang kommt bestimmt : WISSENSCHAFT Sintflut , das Jüngste Gericht , Ragnarök - der Weltuntergang beschäftigt die Menschheit bereits seit der Antike . Geändert hat sich auch heute noch nichts . Der christlich-fundamentalistische US-Prediger Harold Camping kündigte das Jüngste Gericht für d	-1
*	30. 09. 2015 : Der Boom setzt sich fort ( neues-deutschland.de ) Neubaugeschehen besonders für das untere und mittlere Mietpreissegment zunehmend auf Randbezirke außerhalb des S-Bahn-Rings verlagern wird . Dagegen gehe » der Markt « in begehrten Innenstadtlagen wie in den Stadtteilen Mitte und	1
http://www.facebook.com/197161920303253/posts/1061450137207756#197161920303253_1061450137207756	Re :  Patricia Müller-Bracci Hallo zusammen , wir suchen zum nächstmöglichen Zeitpunkt einen Jungkoch oder eine Küchenhilfe in Vollzeit .  Die Arbeitszeiten sind von Montag-Freitag 10.00 Uhr-14 .00 Uhr und 17.00 Uhr-21 .00 Uhr . Wochenende immer frei !!!  Das Restaurant befindet sich in Eschborn Süd direkt neben der S- bahn Haltestelle . Wir sind ein 4 köpfiges freundliches Team und suchen jemanden der Spaß an der Arbeit mitbringt .  Wir freuen uns auf jede ernstgemeinte Anfrage !  PN an mich :-D  	-1
http://www.facebook.com/447306338641169/posts/1023150164390114?comment\_id=1023578361013961#447306338641169\_1023150164390114\_1023578361013961	Re : Zugbegleiter Leute , die Zeitungen sind keine Freiexemplare ! Die DB AG muss dafür bezahlen und die 1. Klasse Kunden bezahlen diesen Service dann mit , ich kann nicht glauben , dass Herr Lehrer das nicht wusst ..... man sollte unseren Kollegen Zugbegleiter nicht verurteilen , denn niemand von uns war dabei und weiss , wie es sich tatsächlich zugetragen hat . Weiss jemand , wie Herr Lehrer sich verhalten hat ...... .....	1
http://payyetan58.rssing.com/chan-34043914/all\_p4.html	Ihr habt es sicher schon längst bemerkt : die Ha ... Ihr habt es sicher schon längst bemerkt : die Handy-Displays werden immer größer , die integrierten Lautsprecher immer besser . Videos , Songs und andere Multimedia-Daten werden immer ultraschneller über mobiles Internet auf Smartphone und Tablet übertragen . Also höchste Zeit für ein paar Tipps , wie ihr mit BASE besonders günstig eure Lieblingsmusik , Lieblingsfilme und noch ganz viel mehr streamen und mobil genießen könnt ! verwandte Themen : Das neue ASUS PadFone exklusiv bei BASE : Smartphone und Tablet in einem ! Handy als MP3-Player : Smartphones im Alltag . Sony Xperia S: Sony zu Multimedia-Besuch bei BASE Liebe Wischerinnen und Wischer , heute schon gewischt ? Natürlich habt ihr , zumindest falls ihr ein Smartphone besitzt . Was so ziemlich für 100 % von euch gelten dürfte . Tja , und wer ein Smartphone hat , benutzt es halt auch . Dauernd . Erinnert sich noch irgendjemand an die Zeit ohne Smartphones ? Oder gar ohne Handys ? Ich erinnere mich noch sehr gut daran , aber in Sachen Medientechnologie entspricht mein gefühltes Alter sowieso dem einer Riesenschildkröte . Aber seien wir doch mal realistisch : Was mittlerweile täglich an neuen Geräten und Gadgets rauskommt , das geht doch auf keinen Schildkrötenpanzer . Wie soll man sich da nicht alt und überblickslos fühlen ? Ach so , das geht nur mir so ? Ihr findet es toll und leicht zu überblicken , welche App man wofür brauchen soll und welches Gadget wie viele Funktionen bietet und wofür das alles überhaupt gut ist ? Fein , denn Leute wie euch brauchen wir ! verwandte Themen : Bewegungsmelder 3 : Smartphones , die auf Drohnen starren Was willst du werden , wenn du groß bist ? E- Plus Gruppe unterstützt Meerbuscher Gymnasium Bewegungsmelder 2 : Zombies an der Bahnsteigkante Samstag , Wochenende – fehlt neben perfektem Wetter nur die passende Musik . Aber Songs einzeln kaufen , downloaden und auf der Speicherkarte suchen war gestern , heute geht’s leichter : Musik streamen ist angesagt . Denn damit könnt ihr eure Lieblingssongs , die neuesten Charts oder das , worauf ihr sonst Lust habt , einfach per App aufrufen und direkt anhören . Klingt gut ? Dann zeigen wir euch heute , wir ihr das richtig günstig nutzen könnt – und vielleicht sogar , ohne etwas extra zu zahlen . verwandte Themen : Musik Flat MTV Music powered by Rhapsody . Damit immer Musik da ist . Mehr drin im BASE all-in : jetzt mit Musik Flat + größerer Internet Flat BASE GOES MUSIC ! Eine Musik Flat geht um die BASE Welt ! Sieben Tage Zeit , 1.000 Euro und als Hilfsmittel nur ein Smartphone oder Tablet . All das muss reichen , um eine fette Party mit mindestens 20 Personen zu organisieren . Fast jeder von uns benutzt täglich ein Smartphone oder Tablet . Die kleinen Technikwunder prägen unseren Alltag wie kaum ein anderes technisches Gerät . Dennoch ist vielen noch nicht bewusst , wie sehr sie uns das Leben erleichtern können , wie viel sich über mobile Devices organisieren lässt . Genau das wollen wir demonstrieren . verwandte Themen : Die BASE Party-Challenge : Online organisiert , offline gefeiert ! #zeigunsdeinestadt : Die Videodrohnen-Challenge von BASE und Androidnext BASE Freundeskreis eröffnet das Voting für die größte Party des Jahres Nicht nur Serienjunkies kennen das , auch WhatsApp Nutzer weisen diese typischen Muster auf - dieser nagende Wunsch , immer auf dem neuesten Stand zu sein . Mit der WhatsApp SIM machen wir all den Betroffenen daher das Leben nun ein klein wenig einfacher . verwandte Themen : Erste Hilfe bei Smartphone-Problemen : Kein Datenempfang , kein Netz , kein Telefon BASE App-etizer jetzt nur für euch ! Mitmachen und iPad mini oder Rechnungsgutschriften gewinnen Track & Trace nun auch für Vertragsverlängerungen an der Hotline Heute möchten wir euch die App 2048 aus unseren App Tipps vorstellen . Wer jetzt an Rollenspiele mit Schwert und Bogen oder Science Fiction denkt , liegt aber völlig falsch . Vielmehr steht 2048 für strategische Züge , rauchende Gehirnwindungen und Logik . Mathe-Fans und Strategen der ersten Stunde dürften ihre wahre Freude an dieser App haben . verwandte Themen : BASE Freundeskreis : tolle Gewinne für schlaue Köpfe Unser Gagdet-Tipp : Warme Hände im Winter mit den Smartphone-Handschuhen BASE Botschafter-Blog – der Wochenrückblick Den Notebooks und Laptops haben sie längst den Rang abgelaufen , und kein Wunder : Ein Tablet PC , kurz auch Tab genannt , kombiniert ein rieeeesiges Display mit ansonsten extrem kompakten Abmessungen . Wer einmal ein Smartphone bedient hat , kommt auch mit der Tablet-Handhabung sofort klar . Nur lautet die entscheidende Frage : Welches Tablet soll ich kaufen ? Und da nicht für jeden dasselbe Modell optimal ist , solltest du vorab eine andere Frage klären : Welches Tablet passt zu mir persönlich ? Dabei helfen wir dir heute . verwandte Themen : Ersatz-Akkus : Kauf-Tipps und Alternativen Wie funktioniert ein Tablet : Tipps für Senioren BASE Micro-SIM und Nano-SIM : So passt die Karte perfekt ins Handy Zattoo könnte bald unser Leben verändern . Zumindest das von Serienfans der ersten Stunde und Fussball-Anhängern rund um den Globus . Wie das gehen soll ? Ganz einfach - ab jetzt könnt ihr live eure Lieblingssendungen schauen , ganz entspannt übers Handy oder Tablet . verwandte Themen : Machen Sie Ihren besten Freunden eine Freude ! Wir bringen die Geschenke mit und Sie das Glück ! Wir fragen : Gucken Sie schon TV auf Ihrem Smartphone ? Das BASE Lutea 2 : Im Oktober gibt´s Zuwachs in der BASE Handy-Familie Seit heute ist es wieder soweit , wir sind allesamt im Fußball-Fieber ! Die Fahnen hängen an den Autos , die Balkone und Fenster sind geschmückt und das Fan T- Shirt wird wieder aus dem Schrank geholt . Ja , es ist Fußball WM ! verwandte Themen : Poppy’s – Ein Trend erobert die ( Handy- ) Welt Ein Leben zwischen App-Entwickler und den Brettern , die die Welt bedeuten Die BASE Party-Challenge : Online organisieren , offline feiern ! Das Xperia Z2 ist unser Senkrechtstarter des Monats und was liegt da angesichts der Fußball WM näher , als gleich noch einen oben drauf zu packen ? Wir haben nicht nur das schicke Smartphone für euch , sondern geben beim Kauf des nagelneuen Geräts gleich noch einen kostenlosen Brazzuca Top Glider - Matchball Replika dazu ! verwandte Themen : Sony Xperia S: Sony zu Multimedia-Besuch bei BASE Die Liebe , das Bier und ein Sony Xperia Sola ! Glückwunsch Anja ! Unser Sony Xperia Vergleich : die aktuellen Sony Handys & Tablets Verwirrt euch die Auswahl von Standard- , Micro- und auch noch Nano-SIM ? Dann solltet ihr euch heute mal ansehen , warum alles halb so wild ist . Bei BASE müsst ihr euch z. B. bei einer Handybestellung mit Tarif gar nicht erst Gedanken über das passende SIM-Format machen . Und natürlich erhaltet ihr auf Wunsch jederzeit eine passende SIM-Karte , egal ob z. B. BASE Nano-SIM oder Micro-SIM . Wie es genau läuft ? Wir haben alle Infos für euch zusammengestellt . verwandte Themen : e voilà : Die Micro-SIM-Karte von BASE Heute Jubeln wir gleich doppelt : iPad Micro-SIM-Karte auch bei uns Passt immer genau ins Handy-Display : Das mobile BASE Portal Ein Tablet ist im Prinzip ein riesiges Smartphone , es funktioniert auch ganz ähnlich . Über einen berührungsempfindliches Display könnt ihr überall z. B. eure Fotos ansehen , Filme schauen , im Internet surfen , Bücher und Zeitschriften lesen , Spiele spielen , Apps nutzen , Musik hören – was ihr wollt . Aber wie geht es genau ? Tippen , wischen , vergrößern : wir erklären es euch . verwandte Themen : Smartphones für Senioren : Tipps rund ums Mobiltelefonieren Welches Tablet passt zu mir ? Unsere Tipps , wenn du kurz vor dem Kauf stehst Das BASE Tablet bei unserem VIP Kaffeeklatsch Wisst ihr noch , damals im November ? ( Was gibt es Schöneres , als im Sommer an den Winter zu denken ? ) BASE hatte Highspeed für jedermann eingeführt , und jedermann war glücklich über das kostenlose Mehr an Surfgeschwindigkeit . Die meisten sind auch heute noch glücklich , das ist doch eine gute Sache . Die Aktion war erst mal bis Mitte dieses Jahres angekündigt , und da wir uns in großen Schritten dieser Jahresmitte nähern , hat sich schon so mancher gefragt , wie es wohl weitergehe mit dem Datenturbo für alle ?!? verwandte Themen : Highspeed für alle – maximal schnelle Daten ohne Mehrkosten Highspeed beim Netzausbau ! Wir bauen unser Datennetz 2013 weiter aus . So lange der November reicht : BASE Vorteilspaket bis 30. 11. verlängert . Anlässlich der neuen BASE Event-Reihe „ Mobile Living “ haben die BASE Botschafter reichweitenstarke Blogger ausfindig gemacht und mit ihnen über die Leidenschaft für die kleinen Technikwunder gesprochen . Smartphones und Tablets sind ein wichtiger Bestandteil unseres Alltags geworden . Doch was sich wirklich über die mobilen Devices organisieren lässt , das sollte im Großen ausprobiert werden . verwandte Themen : Die BASE Party-Challenge : Online organisieren , offline feiern ! #zeigunsdeinestadt : Die Videodrohnen-Challenge von BASE und Androidnext Reiseportale und Co. – so organisiert ihr online eure Reise Reisen buchen war früher eine große Sache , zuerst hat man sich mindestens 6 Monate vorher den Katalog geholt , dann gemeinsam mit der ganzen Sippe ein Ziel ausgewählt , um schließlich wieder ins Reisebüro zu fahren , um dann zu buchen . verwandte Themen : Die BASE Party-Challenge : Online organisiert , offline gefeiert ! Urlaub in Appland – keine Reise mehr ohne Reise-Apps Ab 1. Juni neu bei BASE : Mit dem “ EU Reise-Paket ” entspannt im Urlaub surfen Schon der Begriff Spam Mail löst bei den meisten von uns Stirnrunzeln aus . Jeder hatte sie schon , die fiesen Mails vom Dr. So und so oder eine Verwarnung , man hätte seine Rechnung nicht bezahlt . Freundlich wie die Kollegen sind , schicken sie auch immer gleich eine Kontonummer hinterher . Auch so mancher Anhang , der scheinbar harmlos daher kommt , sorgt nach Öffnen der Datei für Panik , leider meist zu Recht . verwandte Themen : Mein Handy fit machen für alle Dienste – mit dem BASE Konfigurator Herzlichen Glückwunsch an unsere E- Plus Auszubildenden ! Alle bestanden , alle übernommen ! BASE verlost 3 Tischkicker zur EM ! Einer für alle – Alle für einen ! Augmented reality geistert nun schon eine ganze Weile durchs WWW . Während man manche diesbezüglich schon locker als alte Hasen bezeichnen kann , wissen wiederum andere nicht mal , wofür das eigentlich steht . Klingt ja im ersten Moment auch ein wenig nach Captain Kirk und seinem Kollegen Mister Spock . Zeit für uns , euch einmal diese tolle Anwendung vorzustellen . verwandte Themen : Augmented-Reality-Apps : die Welt ist ein Browser Augmented Reality – die neue Realität für Ihr Handy Mehr Verkehrsicherheit durch Augmented Reality : Wikitude Drive macht´s möglich Der erste Schultag ist für Eltern und Kind etwas ganz besonderes . Das aufregendste an diesem Tag ist dabei wohl das Auspacken der großen Schultüte . Doch diese ist wie früher nicht mehr nur mit Süßigkeiten oder Schulutensilien gefüllt – nein , immer häufiger finden die Kinder darin ihr erstes eigenes Handy . verwandte Themen : Vom Gummistiefel zum Nokia-Handy – Das Ende einer Ära Das Handy als Unfallkamera – Unfallhergang und Folgen sollten genau festgehalten werden ! Mit Handy-Zubehör trotzt du allen Gefahren Wir alle wissen , in Sachen Mobile Lifestyle gilt die goldene Regel : was heute total hip ist , kann morgen schon auf die Resterampe . Trends kommen und gehen manchmal so schnell , dass man gar nichts davon mitbekommen hat . Ständig flimmern neue soziale Netzwerke und innovative Anwendungen über den Bildschirm , dabei kann man sich schon nicht mehr an die letzten 10 erinnern , bei denen man sich gerade erst ein Profil angelegt hat . verwandte Themen : What´s hot what´s not ? Das Wochen – Wrap-Up aus der digitalen Welt What’s hot , what’s not ? Das Wochen – Wrap-Up aus der digitalen Welt What´s hot what´s not ? Das Wochen – Wrap-Up aus der digitalen Welt #5 „ Du wolltest schon immer mal in den Körper eines echten Stars schlüpfen ? Dann könnte die App „ FaceStealer “ genau das Richtige für dich sein . Denn einmal installiert , kannst du kurzerhand aus zahlreichen Gesichtern wählen , die du dann deinem eigenen Gesicht „ überstülpen “ kannst . Klingt gruselig ? Ist es auch ein bisschen , aber dafür auch ganz schön faszinierend . verwandte Themen : Health Mate , die Abnehm-App : der Appetizer der Woche Unser Appetizer #1 : Die spannendsten Apps für Android – Folge 1 Unser Appetizer #3 : Eatsmarter – Hilfreich oder überflüssig ?	-1
http://twitter.com/NeuvooPraBerli/statuses/639513412217761792	Hast du schon Deutsche Bahn #Jobs in #Berlin auf unserer Homepage gesehen ?  http://t.co/hwtuU5qi8P  	-1
http://www.touristik-aktuell.de/nachrichten/hotels/news/datum/2015/09/04/neues-wellness-hotel-bei-frankfurt/	touristik aktuell | Neues Wellness-Hotel bei Frankfurt | Wochenzeitung und Magazin für Touristiker | Reisen , Urlaub , Pep , Peps , Reise , Expedient , Expedienten , Reiseprofis , Urlaubsziele , Jobs , Stellenmarkt , Touristik , Tourismus , Events , Messen , Information , Reiseziele , Magazin , News , Verlag , Agenten , Reisebüro , Agentur , Länderinformationen , ITB , ITB-Katalog , Destinationen , Reiseprofi , Touristiker , Wochenzeitung , Horst Ebel , Matthias Gürtler , Pilar Aschenbach , Rivka Kibel , Christofer Knaak , Klaus Pranger , Sylvia Raschke , Thomas Riebesehl , Julia Treuherz , Bianca Peters , Silke Czulik , Christina Dänner , Alexander Ebel , Reisebranche , Verkäufer , Entscheider , Reisebüros , Veranstaltern , Airlines , Bahnen , Fremdenverkehr , Fremdenverkehrsbüros , Hotelunternehmen , Mietwagenunternehmen , Fachwissen , Fachpresse , Fachmagazin , Fachinformation , Fachzeitschrift , DRV , DRV-Kongress , ferngespräch , eurotalks , Counterpart , Counter , Cocktail , Kreuzfahrt , Cruises , Ferry , Rail , Geschäftsreisen , Verkehrsamt , Verkehrsämter , Verkehrsträger , Incentivereisen , Fähren , Erlebnisreisen , Studienreisen Wellness , Touristik-News , Business Travel , Mice , Bahn , Bahnreisen , Bus , Busreisen , Gruppenreisen , Paketreisen , RDA , DB , Deutsche Bahn , Reisezentren , Vertrieb , Car Rental Fr 04. 09.15 Neues Wellness-Hotel bei Frankfurt Am 15. September wird das Vital Hotel Frankfurt die ersten Gäste empfangen . Das Vier-Sterne-Haus bietet einen direkten Zugang zur Rhein-Main-Therme in Hofheim , einem Vorort von Frankfurt am Main . Zum Hotel gehören 96 Zimmer , vier Suiten und zwei Konferenzräume . Auf dem Dach befindet sich eine Panorama-Bar . Weitere Informationen unter www.vital-hotel-frankfurt.de .	-1
http://www.deutsches-architektur-forum.de/forum/showthread.php?t=12113&page=6#80	Re : Bürgerbegehren gegen DFB-Akademie und für Galopprennbahn Die Freunde des Turfs haben bei ihrer Milchmädchenrechnung nicht den Restwert der Rennbahn in Ansatz gebracht , sondern die Baukosten einer Ersatzanlage . Deren Höhe wird keiner wirklich kennen , denn niemand hat die Absicht , eine neue Bahn zu bauen ( das Geld könnte man ebenso gut aus dem Fenster werfen ) . Derzeit beträgt die Pacht übrigens lächerliche 36.000 Euro für das ganze riesige Rennbahn-Areal . Pro Jahr ! Aber auch diesen kleinen Betrag hat die Stadt nie erhalten . Die Hippodrom GmbH hat also einen Vertrag geschlossen , keinen Cent auf die vereinbarte Pacht bezahlt , das Areal aber selbstverständlich genutzt .	-1
http://twitter.com/Annnnemariechen/statuses/639474990916702208	RT @YamYamaha : Mal etwas von der Bahn http://t.co/BvKMJvzzoN  	-1
http://twitter.com/deBaer/statuses/704353646381813760	RT @TagesschauVor20 : [ 28. 2. 96 ] Einstieg der Bahn beim Transrapid , der ab 2005 im 10-Minutentakt zwischen Hamburg & Berlin schweben wird . ht …	1
http://twitter.com/MissMoople/statuses/639508191303368704	RT @BahnAnsagen : In case of Notfall , you must speak zwei Sprachen !  ( via @netterversuch) # Bahn http://t.co/1cEwI9tdRU  	1
http://www.facebook.com/1578188835737980/posts/1677191459171050?comment_id=1677255229164673#1578188835737980_1677191459171050_1677255229164673	Re : NETT-WERK Wuppertal Muss nicht in elberfeld sein , allerdings sollte elberfeld zügig mit bus oder Bahn erreichbar sein da ich in den City arkaden arbeite :)  	1
http://twitter.com/PiriPoram/statuses/649260610354552832	Morgen nach Büroschluss fahren wir 2 h Bahn zu meinen Eltern \o/ Langes WE :D Meine Ma hat einen Baum , der weg soll . * ritscheratsche-bumm *	1
http://twitter.com/diegutebutter/statuses/682494214429655040	@DB_Info das sind die Kollegen , die vor 30 Minuten Feierabend machen durften , oder ? Haben Sie eine Telefonnummer für mich ? @DB_Bahn	1
http://twitter.com/tobiasfichtner/statuses/639535185957113857	" RT @BahnAnsagen : Huuuu .  Da bekommt "" "" schnell aussteigen "" "" eine ganz andere Bedeutung ... ( via @Oernie2) # Bahn #Hannover http://t.co/R7i7rZZ …   "	1
http://shop.typischich.at/nike-sneaker-air-max-tavas-wolf-in-grau,78itzshm5acgxk4w,i	Nike - Sneaker „ Air Max Tavas Wolf “ in Grau Nike ... - Online Shop Nike Nike - Sneaker „ Air Max Tavas Wolf “ in Grau Der Sneaker „ Tavas “ von Nike ist die neueste Version des klassischen „ Air Max “ -Modells und mit seinen sichtbaren Luftbläschen und der Hyperfuse-Bahn ein absolutes Must-have	-1
http://blog.stuttgart-airport.com/2015/12/09/kulturschock-am-airport-part-2/	Kulturschock am Airport – Part 2 24 Jahre Leiter der Presse- und Öffentlichkeitsarbeit . Und die Frage : Was waren die Highlights ? Für einen Pressemann , der aus dem Journalismus kommt , ist das nicht so einfach zu beantworten . Der Flughafen Stuttgart steht betriebswirtschaftlich immer schon gut da . Fast immer – bis auf wenige Krisenjahre – durften wir Erfolge kommunizieren : Mehr Passagiere , mehr Flugbewegungen ( ok – irgendwann änderte sich das und wir waren froh über weniger Flugbewegungen wg. Umwelt ) , mehr Flugziele , mehr Gewinn . Die Herausforderung bei positiven Themen ist , sie so interessant zu verkaufen , dass die Presse darauf anspringt . Das haben wir in der Rückschau gut hinbekommen , es ist aber nicht übermäßig spannend . „ A gmähts Wiesle “ , würde der Schwabe sagen . Die wahre Challenge waren andere Dinge : ganz vorne spontan das gescheiterte Projekt der zweiten Start- und Landebahn . Wir hatten ein Konzept , wie wir das ganze aus unserer Sicht kommunizieren wollten . Der Gegenwind war schnell so groß , dass uns der damalige Ministerpräsident kurz und knapp untersagte , weiter für das Projekt zu werben . Noch ein paar Zuckungen – und die Bahn war Geschichte . Für immer . Nachdem wir in der Pressestelle lange an der Belastungsgrenze gearbeitet hatten , um das Projekt im Sinne des Flughafens und seiner Geschäftsführung voranzubringen , war es nur normal , dass die ersten Wochen nach dem Ende die Stimmung am Boden war . Als guter Pressemann fragt man sich nämlich zu aller erst : Liegt der Fehler dafür in der Kommunikation ? Gott-sei-Dank lässt einem der Job wenig Zeit , weil das nächste kritische Thema schon im Anflug ist . Zwei Beispiele von vielen : Nine-eleven – oder 9 /11 – oder : Nachher war nichts mehr , wie es einmal war . Ich erinnere mich , dass 5 Minuten nach dem Einschlag des zweiten Flugzeugs in einen Turm des World Trade Centers in New York mein Telefon klingelte und der Journalist eines Lokalradios von mir wissen wollte , ob so etwas auch in Stuttgart möglich sei . Mir verschlägt es nicht oft die Sprache – aber da schon . Die Bauchlandung eines Flugzeuges mit dem SPD-Politiker Müntefering an Bord : Es gab keine Verletzten , die Homepage des Flughafens brach trotzdem zusammen . D. h. wir konnten nicht mehr mit der Öffentlichkeit kommunizieren , wie lange der Flughafen geschlossen bleiben würde . Im Endeffekt waren es dann fünf Stunden , in denen nichts mehr ging . Diese geschilderten Vorfälle passierten , bevor es so schöne Dinge wie Facebook , Twitter , Instagram etc. gab . Deren Erscheinen hat die Karten der Presse- und Öffentlichkeitsarbeit noch mal ganz neu gemischt . Dazu dann beim nächsten Mal mehr . Volkmar Krämer	-1
http://www.aargauerzeitung.ch/sport/radsport/schweizer-bahn-vierer-beim-weltcup-in-cali-zweiter-129692635	Schweizer Bahn-Vierer beim Weltcup in Cali Zweiter | Radsport Schweizer Bahn-Vierer beim Weltcup in Cali Zweiter In Fahrt : Der Schweizer Bahn-Vierer ( im Bild Stefan Küng und Silvan Dillier nach der Silbermedaille an der EM in Grenchen ) fuhr am Weltcup in Cali auf den zweiten Platz Quelle : KEYSTONE / ANTHONY ANEX	-1
https://www.boerse-stuttgart.de/de/boersenportal/nachrichten-und-videos/nachrichten/?newscode=6b5780bd449b4eb2	Bahn fährt bald schneller und öfter von Deutsch ... " class = " " feed " " > Bahn SNCF am Mittwoch in Straßburg vor . Zwischen Paris und Stuttgart gibt es ab April fünf tägliche Verbindung , statt vier wie aktuell . Auch zwischen Frankfurt und Paris gibt es eine zusätzliche Verbindung . Diese Fahrt dauert dann laut neuem Fahrplan drei Stunden 30 Minuten , etwa 15 Minuten schneller als jetzt . / pkl / DP / fbr "	1
http://www.facebook.com/208046455335/posts/10153525554285336?comment_id=10153525564420336#208046455335_10153525554285336_10153525564420336	Re : BR24 Gibt es denn da auch Menschen , die den Flüchtlingen in ihrer Muttersprache erklären was genau passiert und warum ?  Wenn ich es nicht schon von der Deutschen Bahn gewohnt wäre , ständig vom Zug in einen Schienenersatzverkehrsbus zu steigen , würde ich mich vielleicht auch wundern !  ^^  	1
http://twitter.com/pjebsen/statuses/660466321067532288	Test hätte man sich sparen können . Ergebnis nervt jeden surfwilligen @DB_Bahn - / @Telekom_hilft -Kunden seit Jahren . https://t.co/VVJiXRs3DU	1