*	@neinasaservice Also ich hab ja in Berlin noch nie einen funktionierenden Bahn Service gesehen ¯\_ (ツ) _ / ¯	Service_und_Kundenbetreuung 
http://www.facebook.com/152033178165965/posts/930238600345415?comment\_id=930659470303328#152033178165965\_930238600345415\_930659470303328	Re : DB Bahn " Guten Morgen Das Zugteam und DB Bahn ! Danke an beiden für die Antworten ! Dann mache ich nun einen " " Strich " " unter den gestrigen Tag und sehe es einfach als unglückliche Zusammenkunft mehrerer ungültiger Umstände ... ein normaler Freitag halt :-P Schönes Wochenende zusammen ! "	unklare_Kategorie#nicht_identifizierbare_Kategorie 
http://twitter.com/ForceOneBot/statuses/660290153253101570	Die Erinnerung isst zu viel die Deutsche Bahn #TSGHSV https://t.co/YBERIAQGIm	unklare_Kategorie#nicht_identifizierbare_Kategorie 
http://www.suedkurier.de/unterhaltung/promis/news/boulevard/Schwebebahnen-zu-verschenken-Online-Wettbewerb-gestartet\;art402,8270979	Die Bahn ist voll mit Fußballatzen , die riechen wie 10 Tage Hochsommer ohne Dusche .	Atmosphäre#Geruch Atmosphäre 
http://www.morgenpost.de/politik/ausland/article206352619/Kampf-gegen-IS-US-Kehrtwende-in-Syrien.html	Schöner neuer Welcome-Screen für ICE-WLAN , @Telekom_hilft @DB_Bahn ! Bemerkenswert : Wettervorhersage für den Zug ? ;-) https://t.co/c0TAacHpBZ	Connectivity#WLAN_und_Internet 
http://www.morgenpost.de/politik/ausland/article206352619/Kampf-gegen-IS-US-Kehrtwende-in-Syrien.html	Re : Irgendwie hat es die Deutsche Bahn nicht so mit den Daten . Mitte Oktober ärgerte ich mich am Haltepunkt ... Ja , das mit der Beschilderung ist das eine Problem . Andererseits hilft es oft , selber irgendwas zu unternehmen ( zum Beispiel : es einfach versuchen ) . Ideal wäre es natürlich , wenn das Schild entweder abgenommen würde oder man darauf erkennen könnte , an wenn man sich wenden muss , wenn man den Aufzug wirklich jetzt braucht .	unklare_Kategorie#nicht_identifizierbare_Kategorie 
http://bazonline.ch/sport/fussball/Wolfsburg-jagt-Schweizer-Stuermerjuwel/story/17351745	RT @SWBBusundBahn : Es kommt Zurzeit auf einigen Bahn und Buslinien zu Unregelmäßigkeiten . Grund ist der Halloween Spaß , Eier auf die Fahrzeu …	unklare_Kategorie#nicht_identifizierbare_Kategorie 
http://www.sat1regional.de/dpa-news1/article/zweite-stadtbahn-in-hannover-entgleist-187915.html	Leute in Lederhosen in der Bahn ... Wir sind nicht in München , nicht in Bayern , ja wir sind nicht mal in Deutschland ! Wieso ?!	Atmosphäre 
http://www.sat1regional.de/dpa-news1/article/zweite-stadtbahn-in-hannover-entgleist-187915.html	Re : Asperger & HFA - Inklusion - Einer für alle , alle für einen " " " „ Er liebt Zugfahrten , aber er kann nicht alleine fahren . Er braucht eine Begleitperson “ , sagt Dargent . „ Er würde nie dort ankommen , wo er hin soll . “ " " Dazu muss man eigentlich nicht im autistischen Spektrum sein , der Zustand alleine , in dem sich Deutsche Bahn befindet , reicht dafür aus ! :-( "	Allgemein 
http://www.facebook.com/112784955679/posts/10153726763050680?comment\_id=10153727239090680#112784955679\_10153726763050680\_10153727239090680	@DB_Bahn was würde ein zusätzliches Fahrrad für diese Verbindung kosten ? In der APP finde ich keine Angaben dazu . https://t.co/GlJs16VTti	DB_App_und_Website#Informationen_DB_App_und_Website 
http://twitter.com/MonkeyGRAFIKS/statuses/660385094943813632	Zug .... ( die bahn macht Mobil ) https://t.co/QtkUcRBkun	unklare_Kategorie#nicht_identifizierbare_Kategorie 
https://plus.google.com/106967535142671617878/posts/5wJmGDR53bw	Ich weine einfach , weil ich jetzt diese verkackten Kinder in der Bahn ertragen muss	Atmosphäre 
http://twitter.com/gnisnem/statuses/660525848437596161	@DB_Bahn ist rausgebrochen . War plötzlich weg .	unklare_Kategorie#nicht_identifizierbare_Kategorie 
http://twitter.com/gnisnem/statuses/660525848437596161	08:26 Uhr - Die ersten Monster haben die Bahn betreten .	Atmosphäre 
http://www.facebook.com/668131666532962/posts/1072124336133691#668131666532962\_1072124336133691	Die NWB sagt man solle den RE nehmen und im RE sagt man dir man solle mit der NWB fahren , ja was denn nun @DB_Bahn ?	Informationen 
*	@theMassenmensch @DB_Bahn Gab es wenigstens Partyhütchen ?	unklare_Kategorie#nicht_identifizierbare_Kategorie 
http://www.galopponline.de/news/internationale-galopp-news/gleneagles-erst-classic-dann-stallion	Wow wie bescheuert kann die Deutsche Bahn sein , ich hoffe ich bekomme diesen Zug noch .	Allgemein 
http://www.galopponline.de/news/internationale-galopp-news/gleneagles-erst-classic-dann-stallion	Ich hasse es wenn die Bahn an einem einfach vorbei fahrt !	unklare_Kategorie#nicht_identifizierbare_Kategorie 
http://www.galopponline.de/news/internationale-galopp-news/gleneagles-erst-classic-dann-stallion	Deutschland fährt #Bahn für 19 Euro - Wenn sie denn mal fährt und nicht wegen Böschungsbrand bei Bochum steht . :-)	Sonstige_Unregelmaessigkeiten 
http://twitter.com/anja\_urbschat/statuses/660564221437026305	" Die #Bahn verwendet echt " " Jemandem eine Freude machen " " und " " einen Geschenkgutschein verschenken " " in einem Tweet ! Ich lache immer noch "	unklare_Kategorie#nicht_identifizierbare_Kategorie 
http://www.morgenpost.de/vermischtes/article206352607/27-Tote-bei-Explosion-in-Bukarester-Nachtclub.html	@motominya Aha ! Darum ging die Hinfahrt mit der Bahn so schnell .	Zugfahrt#Fahrtzeit_und_Schnelligkeit 
*	@DB_Bahn Er sollte auf Gleis 4. Gleichzeitig mit nem anderen . Hat sich inzwischen aber geklärt .	unklare_Kategorie#nicht_identifizierbare_Kategorie 
http://www.bahnaktuell.net/?p=135906	@dhk2281 DB halt hab auch grad im ice 12 min Verspätung	Zugfahrt#Pünktlichkeit 
http://twitter.com/Loddda13/statuses/660372673424433152	Re : Du weißt , dass du ein Erfurter bist , wenn ... Ich glaube nur draußen , nicht in der Bahn !	unklare_Kategorie#nicht_identifizierbare_Kategorie 
http://twitter.com/Loddda13/statuses/660372673424433152	@trivialerweise Das ist es nie ... Und wenn es noch irgendwo in der Bahn drin ist , riecht das ja auch noch sehr lecker ... Manche können sich	unklare_Kategorie#nicht_identifizierbare_Kategorie 
https://plus.google.com/106967535142671617878/posts/bv7LPooRwtQ	" Kann ich bestätigen : " " Stiftung Warentest : Mobiles Internet in der Bahn funktioniert schlecht " " https://t.co/AbaCFJ8z2P "	Connectivity#WLAN_und_Internet 
https://plus.google.com/106967535142671617878/posts/PbfLeT1rJJ3	Hallo @db_bahn , in Maisach hängt keine Information über die Fahrplanänderungen ab morgen . Nur vergangene Infos . https://t.co/NVCu59algD	Informationen 
http://www.blick.de/BLICKDE/NACHRICHTEN/MITTELSACHSEN/buergerstammtisch-abgeordneter-laedt-ein-artikel9343528.php	@GoeringEckardt @DB_Bahn man kann auch alles übertreiben	unklare_Kategorie#nicht_identifizierbare_Kategorie 
http://twitter.com/SciF0r/statuses/660374089312428032	@bastianbender @DB_Bahn ja von der Mediathek ist heute nichts zu sehen - oder sie ist gut versteckt .	Connectivity#ICE_Portal 
http://twitter.com/LeoRanke/statuses/660384841268142080	Oh ! Was echt ? Ist mir noch nie aufgefallen . Danke @warentest // @DB_Bahn https://t.co/uKsfsDyrXB	unklare_Kategorie#nicht_identifizierbare_Kategorie 
http://twitter.com/Larsen2k4/statuses/660505490934337536	56 Minuten Verspätung im Regionalverkehr . Könnte man da nicht gleich alle 2 Stunden fahren ? #Bahn #Beineimbauch https://t.co/uDzN8xenM7	Zugfahrt#Pünktlichkeit 
http://twitter.com/Larsen2k4/statuses/660505490934337536	Re : n- tv Der Nachrichtensender Da der Praktikant wieder drann war , es war die richtige Notbremse in den neuen noch mit Kinderkrankheiten verseuchten SÜWEX Zügen der DB	unklare_Kategorie#nicht_identifizierbare_Kategorie 
http://www.volksfreund.de/nachrichten/magazin/familie/leben/Leben-Naechster-Halt-Auf-diese-Stimmen-fahren-Deutsche-ab\;art640,4355145	Re : stuttgarter-zeitung.de Der OB hat offensichtlich den Verstand verloren . Über so etwas soll er nachdenken wenn der Nahverkehr mit Bussen und Bahnen wie in einer echten Großstadt funktioniert . Man kann in Stuttgart nicht mal eine S Bahn zum Flughafen nehmen wenn man wie viele früh morgens los fliegt . Von den horrenden Preisen und verwirrenden Zonen mal ganz zu schweigen .	Ticketkauf 
http://twitter.com/richybode/statuses/660506190112292864	Ich vertrau der Deutschen Bahn nie wieder	Allgemein 
http://twitter.com/BellaColonia/statuses/660345490001776641	Sitze fast alleine in der Bahn , wenn man sie 5 Hinterbliebenen betrunkenen im Halbschlaf hier nicht mit zählt . ;P	Atmosphäre 
http://www.echonews.de/ticker/boulevard/Verkehr-Kommunen-Buntes-Deutschland-Schwebebahnen-zu-verschenken-Online-Wettbewerb-gestartet\;art22440,3497204	Re : Borussia Dortmund Nichtmal in der bahn darf Immobile mit sitzen und der januzaj ist direkt dabei	unklare_Kategorie#nicht_identifizierbare_Kategorie 
http://twitter.com/newborl/statuses/660582153806286848	Der Versuch nach Hause zu fahren mit der richtigen S- Bahn : Teil 2	unklare_Kategorie#nicht_identifizierbare_Kategorie 
http://twitter.com/thatRyanBoy/statuses/660621065643827200	„ Ich finde meine Jacke so hässlich . “ „ Warum trägst du sie dann ? “ „ Ist Calvin Klein . “ Bestes Trash TV in der Bahn . Wow .	Atmosphäre 
http://twitter.com/Christian\_Sylt/statuses/660480321582964736	Liebe @DB_Info @DB_Bahn eure Ansagen am Bahnhof Niebüll sind für 'n Arsch	Informationen 
http://twitter.com/rueselkopf/statuses/660412390077526016	Stehe seit 25 Minuten mit der S- Bahn am Bahnhof herum , WIE SOLL ICH DENN SO GUTE LAUNE VERBREITEN ? #immerwiedersamstags	unklare_Kategorie#nicht_identifizierbare_Kategorie 
http://twitter.com/kohlhoerster/statuses/660510808452030464	Brot kann schimmeln , was könnt ihr @SBahnBerlin + @DB_Bahn? Zuverlässig sein auf jeden nicht . Freu mich schon auf Winter in Berlin mit euch	Allgemein 
http://twitter.com/dwrweb\_de/statuses/660435175407353856	@Cmbln Du ( S- Bahner ) benutzt die BVG App . ich ( BVGer ) benutze die S-Bahn-App	DB_App_und_Website 
http://twitter.com/TheEnvychan/statuses/660460679607009280	Mit S- Bahn eine Stunde fahren wird auch nochmal so ein kleines Highlight , weil wir bestimmt überhaaaaaaaupt keine Verspätung haben werden .	Zugfahrt#Pünktlichkeit 
http://twitter.com/Lehrerkind/statuses/660575153303240705	Sitze mit 8 Heath-Ledger-Jokern in der Bahn ... ob sich das für die anfühlt , wenn Mädels auf ner Party das gleiche Kleid anhaben ? #Halloween	Atmosphäre 
https://plus.google.com/106967535142671617878/posts/5uZgnedQuHT	@DB_Bahn ( Und das übrigens in der 1. Klasse . ;-) Vielleicht spuckt das System auch einfach nicht mehr aus , wer weiß … :P )	unklare_Kategorie#nicht_identifizierbare_Kategorie 
http://twitter.com/srfsport/statuses/660369780499750912	" Ich frage mich , für wen der Artikel ist . Leute die Bahnfahren werden " " zum Gruseln " " eher als Untertreibung ... " " Ich frage mich , für wen der Artikel ist . Leute die Bahnfahren werden " " zum Gruseln " " eher als Untertreibung empfinden . Diejenigen , die nicht bahnfahren , wird es kaum interessieren ;-) . ﻿ -Article : Sowohl mobiles Internet als auch Telefonie funktioniert auf dem Streckennetz der Deutschen Bahn eher schlecht als recht . Bei O2 und E- Plus luden Webseiten nur in zwei von drei Fällen komplett . http://www.heise.de/newsticker/meldung/Stiftung-Warentest-Internet-im-Zug-ist-oft-zum-Gruseln-2866570.html "	Connectivity#WLAN_und_Internet Connectivity#Telefonie_und_Handyempfang 
*	@DB_Bahn und der 13:11 er fährt dann auch ? Nicht dass der auch ausfällt .	Sonstige_Unregelmaessigkeiten 
http://www.facebook.com/152033178165965/posts/930756523626956?comment\_id=930773360291939#152033178165965\_930756523626956\_930773360291939	Re : Störungen im Bahnverkehr langsam mag ich die Kollegen von DB Regio NRW nicht mehr ;-) Störung wieder aufgehoben / mb	unklare_Kategorie#nicht_identifizierbare_Kategorie 
*	In der vollen Regio-Bahn angestarrt werden . \o/	Atmosphäre 
http://www.aktuelle-nachrichten-online.eu/artikel/bahntickets-zu-teuer-bei-flugen-zahlt-der-preis/1606624	Bahntickets zu teuer - Bei Flügen zählt der Preis Flugzeug , Bahn oder Fernbus : Diese Möglichkeiten haben Reisende , die in Deutschland oder im nahen Ausland unterwegs sind . Doch die Ticketpreise unterscheiden sich deutlich . Sind die Preise angemessen ? Das wollte eine repräsentative Umfrage der Forsc	Ticketkauf 
http://twitter.com/uschaefer/statuses/674484574907457536	RT @airjibeer : und da will die #Bahn noch weitere Tunnel im Anhydrit bauen ? Was für ein Irrsinn .. #s21 https://t.co/73tw82jG9G https://t.co …	Zugfahrt#Streckennetz 
https://plus.google.com/+KristianKöhntopp/posts/Po3LiPEWQEx#z12yzhaxlzehdvcwc04cflzoynfpcpuiqrg0k.1449684499236926	Re : Deutsche Einheit trifft auf technische Innovation – herausgekommen ist die neue Schnellfahrstrecke zwischen ... + Uwe Hermann , + Michael Wiedmann Naja , wenn ein ICE-Halt wegfällt , heißt das nicht , dass der ganze Bahnhof dicht gemacht werden soll . Sicherlich sollte die Bahn dann RE- oder IC-Verbindungen von diesen Bahnhöfen zu den nächsten ICE-Bahnhöfen anbieten , d. h. den Regio- und Nahverkehr stärken . Der Punkt ist doch aber , dass das derzeitige ICE-Netz vor sinnloser Zwischenhalte nur so strotzt und daher Langstreckenverbindungen ewig dauern . Schönes Beispiel dazu : Fährt man auf der Weststrecke von Dresden nach FFM , hält man in nicht weniger als 9 ( ! ) ( Klein ) Städten , dabei auf Thüringer Seite ( Ministerpräsident a. D. Vogel sei dank ) in Städten wie Weimar , Gotha oder Eisenach . Und ich komme selbst aus Eisenach , sehe es aber nicht ein , warum in meinem alten Heimatkaff wirklich ICEs halten müssen ...	Zugfahrt#Streckennetz 
https://plus.google.com/+KristianKöhntopp/posts/Po3LiPEWQEx#z12yzhaxlzehdvcwc04cflzoynfpcpuiqrg0k.1449684499236926	@Meltingm8 Flixbus ist kacke , ich fahr nur Bahn	Allgemein 
*	BPOL-KS : Bundespolizei warnt vor Betrügereien an Fahrscheinautomaten | Polizeipresse : Polizeiberichte bei 24PR Nord- und Osthessen ( ots ) – Insgesamt 45 Fälle von Manipulationen an Fahrausweisautomaten beschäftigen die Ermittler der Bundespolizeiinspektion Kassel seit Jahresbeginn . Zwei 23-Jährige aus Felsberg und Kassel und ein 25 Jahre alter Mann aus Guden	Sicherheit 
http://www.facebook.com/110874403762/posts/10153353555198763?comment\_id=10153354311478763#110874403762\_10153353555198763\_10153354311478763	Re : MDR JUMP " DB Bahn ist voll " " toll " " . Mein Sohn hatte ein Monatsticket für Jena und ist somit vom Westbahnhof nach Göschwitz gefahren . Er hat ein 4 Fahrtenticket einstecken gehabt , um von Göschwitz weiter nach Hermsdorf zu fahren . Er ist direkt auf den Schaffner zu gegangen , um das weiterführende Ticket abstempeln zu lassen . FEHLANZEIGE : Ungültiges Ticket ( weil nicht vor Fahrtantritt entwertet ) STRAFE : 60 € TOLL !!! Das ist Willkür . So bekomme ich das Geld auf jeden Fall wieder rein für solche Projekte . "	Ticketkauf 
http://twitter.com/HerrGausH/statuses/674494147445858304	RT @Quarkbeutelchen : Diese Abiturienten werden auch immer jünger . In der Bahn sprechen zwei eben abgestillte Jungs über das Leben nach der …	Atmosphäre 
http://amras.boerse-express.com/cat/calendar/newsletter\_show/40347	Re : DB Bahn " Marita Schäfer und wo soll der Zug herkommen ? Und wo auf die Schiene soll er raufgestellt werden ? Vor dem ICE oder doch lieber vor den Pendlerzug damit alle zu spät kommen , die schon genervt sind . Das Zugpersonal geht natürlich auch lieber Arbeiten an ihren raten freien Tagen statt mit ihren Kinder Kekse zu backen . Oder doch besser vor dem Güterzug , damit der dann bahnsteigblockierend im Bahnhof steht , weil ihr gewünschter Sonderzug noch den Streckenabschnitt besetzt ? @ Rene Bartsch wenn sie mir mit 100 % Garantie die Lottozahlen für die Zukunft sagen inkl. Superzahl , dann sage ich Ihnen , ob an diesem Tag 20 oder 2000 Leute auf die Idee kommen spontan doch mit dem Zug fahren , weil a ) Verkehrschaos durch Wetter auf der Autobahn ist oder b ) ein Vulkan ausgebrochen und den Flugverkehr mal wieder lahm legt , weshalb alle " " good for train " " auf dem Flugticket stehen haben C ) Unentschlossene wie ich einfach noch den Koffer packen und die 1000 km auf sich nehmen um Weihnachten doch bei den Eltern zu sein . Ich kann Ihnen sagen wieviele Leute sich vor Einsamkeit vor den Zug werfen und vor allem auf welcher Strecke und die Fahrgäste nach Warten in der Kälte dann einen Zug erwischen in dem Sie drinnen sitzen . Ebenso sage ich Ihnen , ob die Menschen gelernt haben mehr als nur eine Tür zu benutzen und dass keine Rollstuhlfahrer und Mütter mit Übergepäck und Kinderwagen fahren und der Zug dann sekundengenau aus dem Bahnhof kommt . Und da Weihnachten , das Fest der Liebe und Besinnung , bevor steht werden alle Kabeldiebe ein Einsehen haben , dass die Wachpatroullie lieber zu Hause mit ihren Kindern Räuber & Gendarm statt mit ihnen spielen und sich nicht am Kupfer vergreifen . Ich habe einen guten Draht zu Tieren , aber ob sie lieber die Kabel Ihres Autos und die der anderen anknabbern oder lieber die Ampelanlage der Bahn lahm legen , hab ich leider nicht in Erfahrung bringen können "	unklare_Kategorie#nicht_identifizierbare_Kategorie 
http://www.gutefrage.net/frage/wieso-ist-die-mobile-datenverbindung-im-zug-so-schlecht#answer-186307430	Wieso ist die mobile Datenverbindung im Zug so schlecht ? Wahrscheinlich mehrere ursachen : Störfelder der Onerleitung , schlechtere Platzierung der Sender für den Datentransfer , vielleicht auch noch nicht vorhandene Kapazitäten für Datenvolumen ...... ..... gutefrage.net-Tag : Bahn gutefrage.net-Tag : Datenverbindung gutefrage.net-Tag : Handy gutefrage.net-Tag : Mobilfunk gutefrage.net-Tag : Smartphone gutefrage.net-Tag : Telefonica gutefrage.net-Tag : o2	Connectivity#Telefonie_und_Handyempfang 
http://www.facebook.com/134389623262030/posts/1099932740041042?comment\_id=1100981386602844#134389623262030\_1099932740041042\_1100981386602844	Re : VVS Hallo , am DB Automat wir angezeigt , welche Banknoten genommen , bzw. nicht genommen werden .	Ticketkauf 
*	Re : metronom Eisenbahngesellschaft Die Kommunikation von Verspätungen / Ausfällen obliegt dem Bahnhofsbetreiber , das ist im Regelfall die Deutsche Bahn und nicht der Metronom .	Zugfahrt#Pünktlichkeit Allgemein Informationen 
http://www.facebook.com/485303194814631/posts/1215264751818468?comment\_id=1216336928377917#485303194814631\_1215264751818468\_1216336928377917	Re : Deutsche Post Die Post und die Bahn sollten fusionieren ... von der Arbeitsqualität passen die beiden schon mal zusammen - . -	unklare_Kategorie#nicht_vorhandene_Kategorie 
http://www.facebook.com/485303194814631/posts/1215264751818468?comment\_id=1216336928377917#485303194814631\_1215264751818468\_1216336928377917	Re : Tagesspiegel.de werden sie doch am 1. Januar . Hat also alle seine Ordnung ! Jeden morgen wieder möchte ich ein Video in der S1 drehen , aber leider ist es dafür einfach zu voll . Vielleicht sollen die Preiserhöhung aber auch dafür sorgen , dass weniger Menschen den ÖPNV nutzen damit die Bahn das Angebot weiter abspecken kann .. ?	Auslastung_und_Platzangebot 
http://www.facebook.com/106261086094051/posts/906086372778181?comment\_id=906155729437912#106261086094051\_906086372778181\_906155729437912	Re : noz.de Ich versteh euer Problem nicht . Es halten in Osnabrück genausoviele IC / ICE wie bisher . Jede Stunde in Nord - Süd Richtung bzw. aller zwei in West - Ost Richtung . Das einigste was die Bahn macht sind mehr Sprinterverbindungen Anzubieten und die haben noch nie in Osnabrück gehalten . Hier wird ein Problem aufgeworfen das es garnicht gibt . Es bleibt alles so wie es ist . Im Gegenteil einige IC werden sogar durch ICE ersetzt . Also wo ist das Problem ?	Zugfahrt#Streckennetz 
http://twitter.com/PanUnicorn/statuses/674470044068368385	Hier in der Bahn war grad ein Junge der wie Seamus Finnigan aussah . Omg .	Atmosphäre 
http://hallespektrum.de/meldungen/polizeimeldungen/verletzte-bei-unfaellen-mit-strassenbahnen/193372/#comment-22280	Re : DB Bahn " Ja genau Andreas ! Wenn ich dann so sachen lesen darf : " " Aber ich habe grade mal nachgesehen , wo dieser Zug fährt und nun wird mir hier einiges klar ! " " , fehlen mir die Worte . Wir wissen worauf Sie es abgesehen haben . Und so eine Aussage können Sie sich nun wirklich nicht leisten . Spass hatte ich personlich nicht an dieser Unterhaltung . Wie mein Vorredner schon sagte , Sie als Bahn Mitarbeiter hätten die Möglichkeit gehabt , uns den Sachverhalt nachträglich nahe zulegen . Da Sie mit Ihren Wissen in vergangenen Posts glänzen wollten . Ich hoffe schwer das das einzige was Ihnen klar geworden ist , die Strecke schwer mit Verspätungen und Störungen zukämpfen hat . Das es mehr und mehr zu einer Belastung für Pendler geworden ist sich auf die Pünktlichkeit der Bahn zuverlassen . Der schnelle Wechsel Ihrer Post , verdeutlicht mir das Sie " " es genau so " " verdeutlichen wollten . "	Zugfahrt#Pünktlichkeit Sonstige_Unregelmaessigkeiten 
http://www.facebook.com/655400094492832/posts/1109980805701423?comment\_id=1110387115660792#655400094492832\_1109980805701423\_1110387115660792	tlz.de 44 Minuten bis Leipzig : ICE-Drehkreuz wird in Erfurt eröffnet Guten Morgen . Schnelltrasse statt Schnellstraße : Von Erfurt braucht man künftig mit der Bahn nur noch 44 Minuten nach Leipzig . Dreizehn Jahre Bauzeit , dreißig Minuten Zeitersparnis : Bahnkunden brauchen ab sofort nur noch 44 Minuten von Erfurt bis Leipzig .	Zugfahrt#Fahrtzeit_und_Schnelligkeit 
http://www.facebook.com/424409974264289/posts/974940952544519#424409974264289\_974940952544519	S- Bahn : Mindestens 4,5 Jahre Verspätung und viel teurer – BER läßt grüßen ! : VCD Nordost Pressemitteilung vom 9... https://t.co/cJ37CzyOh7	unklare_Kategorie#nicht_identifizierbare_Kategorie 
http://twitter.com/marc\_f/statuses/674614779844014080	Da funktioniert das Buchungsportal der @DB_Bahn einen Moment nicht , ich geb die Buchung erneut ein , schon kostet es 2 € mehr #abzocke	Ticketkauf 
*	RT @MobyNikk : #Bahn Das haben die neue Schnellfahrstrecke Leipzig-Erfurt und der BER gemeinsam : https://t.co/WtiFp9KODc @welt https://t.co/ …	unklare_Kategorie#nicht_identifizierbare_Kategorie 
http://twitter.com/HeikoL/statuses/674731858429652992	@Telekom_hilft @DB_Bahn ICE Wagen 6. Geht das Wlan nicht ?	Connectivity#WLAN_und_Internet 
http://twitter.com/HeikoL/statuses/674731858429652992	Re : Unter welchen Umständen würdet ihr ein E- Auto kaufen ? ( mfi ) Die Akkus müssen umweltneutral hergestellt und entsorgt werden können . Aktuell sind Litium-Akkus eine Umweltkatastrophe , wegen des Litiumabbaus . Eine Laufleistung von 200 km pro Tag wäre ausreichend interessant . 400 km erwünscht . Mein Diesel schafft 1200km-1500km mit einer Tankfüllung und ist nach 10 Minuten startklar für die nächsten 1200 km . 200 km würde in 99,9 % der Tage aber vollkommen reichen und den Rest mache ich nach Möglichkeit eh lieber mit der Bahn . Strom beziehe ich zu 100 % regenerativ . Das können nicht alle , denn soviel regenerativen Strom gibt's ja gar nicht , aber man kann es über seinen Anbieter ja anregen , mehr regenerativen Strom herzustellen . Mit einem 200 km Elektromobil , umweltfreundlichen Batteriezellen , zu einem Kauf interessiert . Wäre das Fahrzeug dann noch in der Lage ausreichend Zulandung ( Ich fahre einen Kombi ) mitzunehmen , könnte ich mein Diesel-Fahrzeug abschaffen , sofern es bezahlbar ist . Ein E- Auto , dass sich außerhalb meiner finanziellen Möglichkeiten bewegt ist für mich faktisch nicht verfügbar .	unklare_Kategorie#nicht_identifizierbare_Kategorie 
http://twitter.com/HeikoL/statuses/674731858429652992	Ich darf mit 16 nicht alleine Zug fahren , was tun ? Nein tun sie nicht ... Da hab ich keine Chance ... wegen Geld ... ich muss ihnen alles zeigen was ich gekauft habe gutefrage.net-Tag : Alter gutefrage.net-Tag : Bahn gutefrage.net-Tag : Recht gutefrage.net-Tag : Zug	unklare_Kategorie#nicht_identifizierbare_Kategorie 
http://twitter.com/HeikoL/statuses/674731858429652992	Ich darf mit 16 nicht alleine Zug fahren , was tun ? der Treffpunkt ist an einem anderen Ort , wil so die Gruppentickets billiger sind . Ich schätze das sin ca. 20 km , mit dem Autp dauert das aber 1 Stunde , auff Zugschienen gäbe es aber kein Stau . Für diese kurze Strecke wäre die Lehrerin nicht dabei , wir treffen uns alle dort . Jeder muss selbst dahin kommen , von 15 - 17jährigen kann man das ja erwarten ^^ gutefrage.net-Tag : Alter gutefrage.net-Tag : Bahn gutefrage.net-Tag : Recht gutefrage.net-Tag : Zug	unklare_Kategorie#nicht_identifizierbare_Kategorie 
*	3 Studentinnen in der Bahn erörtern grade , wie man es vermeiden kann , laut zu pinkeln , wenn man einen Kerl zu Hause hat ! Ist schon spannend ...	Atmosphäre 
http://www.facebook.com/191375684235200/posts/969951353044292?comment\_id=970287473010680#191375684235200\_969951353044292\_970287473010680	Re : Braunschweiger Zeitung das sieht ja gut aus , ist auch der richtige Schritt statt der fahrenden Schrotthaufen der Bahn . Leider sind einige Verbindungen gestrichen worden , und das geht gar nicht liebe Bahn . Kümmert Euch drum .	Zugfahrt#Streckennetz Design 
*	@dwmerkur Wobei man auch den Umgang mit der Infrastruktur hinterfragen muss . Solange DB -Züge auf DB -Gleisen fahren , gibt es vom EVU ...	unklare_Kategorie#nicht_identifizierbare_Kategorie 
*	" In der Bahn " " Sollen wir wirklich Fanta trinken , Schatz ? Die macht nicht schlank . Schatz , Wie wäre es mit Kakao , Schatz ? " " #telefonierLeise "	Atmosphäre 
http://www.facebook.com/768905426534529/posts/943900319035038?comment\_id=943952555696481#768905426534529\_943900319035038\_943952555696481	Re : Bundesregierung Paßt ja wunderbar hierzu : Die Bahn fährt in das Milliardenloch : Der Stuttgarter Zeitung liegen interne Unterlagen der Deutschen Bahn vor , die mittelfristig ein düsteres Bild der Finanzsituation des staatlichen Schienenkonzerns zeichnen . Wenn es so weitergeht , steht er so schlecht da wie die einstige Bundesbahn http://www.stuttgarter-zeitung.de/inhalt.deutsche-bahn-die-bahn-faehrt-in-das-milliardenloch.bd8780f2-1501-4f9e-80d1-42f6e646c4b0.html	unklare_Kategorie#nicht_vorhandene_Kategorie 
*	Die Deutsche Bundesbahn macht Werbung für den neuen Münchner Hauptbahnhof In der großen Halle im Münchner Hauptbahnhof steht derzeit ein Info Point mit verschiedenen Animationen und einem Modell über den neuen Hauptbahnhof . Im 2. Quartal 2015 stimmten sowohl der Ausschuss für Stadtplanung und Bauordnung der Stadt München als auch die Stadtratsvollversammlung der bayerischen Landeshauptstadt den Bauplänen des Hauptbahnhofes grundsätzlich zu . Nach derzeitigem Planungsstand wird frühestens 2020 mit den Baumaßnahmen begonnen .	Image#Marketing 
http://twitter.com/Der\_Kalle/statuses/674688312980959233	Dieses #WLAN im ICE der @DB_Bahn ist ein unbenutzbarer Scheißdreck .	Connectivity#WLAN_und_Internet 
http://twitter.com/Mark8031/statuses/674794780753272832	Werde wohl den Besteller informieren , der die Anzeiger auch bezahlt hat aus Steuergeldern . @DB_Bahn	unklare_Kategorie#nicht_identifizierbare_Kategorie 
http://www.youtube.com/watch?v=f0X3rdVSp8A#z13tzhhyzrjghnr5r04cg3uwbwbxulnx2fs	Heute wiedet so viele kuriose S Bahn Erlebnisse gehabt .	unklare_Kategorie#nicht_identifizierbare_Kategorie 
http://twitter.com/duesseljoh/statuses/674489737084817408	Menschen , die morgens neben dir in der #bahn sitzen und sich alle 5 Sekunden räuspern . I like .	Atmosphäre 
*	Das Menschen immer ihre halbe Lebensgeschichte in der Bahn am Telefon erzählen müssen , verstehe ich nicht .	Atmosphäre 
http://www.facebook.com/152033178165965/posts/958446567524618?comment\_id=958568910845717#152033178165965\_958446567524618\_958568910845717	Re : DB Bahn Lukas Andreatta ... solltest mal öfter mit der Bahn fahren . .. was nützt es wenn ich pünktlich bin und der Zug kommt regelmäßig zu spät . Kopf einschalten . . dann posten .	Zugfahrt#Pünktlichkeit 
http://twitter.com/DerHerrGast/statuses/674642299041746944	" @DB_Bahn das macht mir deutlich mehr Sinn ;-) Zum Glück hat meine S1 heute " " nur " " + 9... Thx für die Auskunft ! "	unklare_Kategorie#nicht_identifizierbare_Kategorie 
*	@DB_Bahn das ist mir bekannt . Aber es gibt doch noch die Modelle vom #vlexx . Werden die irgendwann auch auf der Kuseler Strecke eingesetzt ?	unklare_Kategorie#nicht_identifizierbare_Kategorie 
http://www.facebook.com/152033178165965/posts/957572390945369?comment\_id=958213507547924#152033178165965\_957572390945369\_958213507547924	Re : DB Bahn Verspätete Züge Ausfälle .. Steige Leiber immer zu bus um wenn einer fährt ... die 2 Jahre ist echt schlimm geworden mit der bahn	Zugfahrt#Pünktlichkeit Sonstige_Unregelmaessigkeiten 
http://www.facebook.com/346392590975/posts/10153194714575976?comment\_id=10153195108320976#346392590975\_10153194714575976\_10153195108320976	Re : FAZ . NET - Frankfurter Allgemeine Zeitung Ich finde diese Sichtweise ebenso kurzsichtig . Ich fahre sehr gerne auf Bahnverbindungen , die zeitlich attraktiv sind , und das waren sie aufgrund der deutschen Teilung schlicht lange nicht bei den Ost-West-Verbindungen ... Wer einmal wie ich länger in Japan , China oder Frankreich war , weiß diese Verbindungen zu schätzen . Das große Problem ist hier der Föderalismus , der immer wieder lokale Dörfchen unbedingt mit Halten versorgen will , obwohl der ICE doch eigentlich vorbeifahren sollte . Es sollte meines Erachtens ein politisches Ziel sein , alle ICE-Strecken für mindestens 200 km / h zu ertüchtigen , soweit möglich ( außer vielleicht im Ruhrgebiet ) . Und was Frankfurt-Berlin angeht , so scheint mir der Abschnitt nach Fulda immer noch sehr langsam zu sein ; und die Reisezeit nach Dresden ist jetzt auch nicht gerade kurz , auch nach der NS . Aber Dresden scheint eh etwas abgehängt zu sein , wenn man mal die Reisezeiten nach Berlin so sieht . Und München-Berlin in 4 Stunden ist attraktiv , finde ich , alleine deshalb werden 5 Millionen Menschen vielleicht in Zukunft eher die Bahn nehmen als fliegen .	Zugfahrt#Fahrtzeit_und_Schnelligkeit Zugfahrt#Streckennetz 
*	Re : Hannoversche Allgemeine Zeitung / HAZ In Köln oder Berlin kann man eine Bahn mieten und drin feiern ... sowas wäre cool eine Party durch Hannover :)	unklare_Kategorie#nicht_vorhandene_Kategorie 
http://www.facebook.com/134389623262030/posts/1099901226710860?comment\_id=1100793503288299#134389623262030\_1099901226710860\_1100793503288299	Re : VVS Äh ja . Genau auf solch eine Antwort habe ich gewartet . Da die die S1 von Ehningen 10 nach , 25 nach und 55 nach fährt und die VVS ja auch normalerweise 5 min. Umsteigezeit in Rohr hat ist das wohl die falsche Antwort ... Ich brauche dank der vielen Verspätungen der S1 , S2 , S3 schon täglich ca. 10 bis 20 min. im Schnitt länger . Ich muss oft Gleitzeit aufsparen bzw. dafür nutzen meine Fehlzeit zu kompensieren . Ausserdem möchte ich auch mal daheim bei der Familie sein und nicht wieder irgendwo auf einem Bahnhof , mit anderen wartend auf die verspätete Bahn . Zur Info. .. ich fahre schon nen Bus frueher morgens , um die S Bahn in Echterdingen zu bekommen ...	Zugfahrt#Pünktlichkeit 
http://www.facebook.com/114882878547829/posts/985659271470181?comment\_id=985890898113685#114882878547829\_985659271470181\_985890898113685	Re : Kölner Verkehrs-Betriebe AG Die 4er Tickets der DB gelten die auch bei der KVB weil sonst muss sich meins Freundin am Freitag kein extra Ticket bis zu mir kaufen ???	Ticketkauf 
http://twitter.com/waltscrate/statuses/674530994465185792	RT @MobyNikk : #Bahn Das haben die neue Schnellfahrstrecke Leipzig-Erfurt und der BER gemeinsam : https://t.co/WtiFp9KODc @welt https://t.co/ …	unklare_Kategorie#nicht_identifizierbare_Kategorie 
http://www.gutefrage.net/frage/wie-viel-kostet-es-bitte-es-ist-dringend#answer-186331520	Wie viel kostet es bitte es ist dringend ? bahn.de hilft dir da bestimmt gutefrage.net-Tag : Reise gutefrage.net-Tag : Urlaub	Ticketkauf 
http://twitter.com/wahlborn/statuses/674566964627578880	@mazzomaz @Telekom_hilft @DB_Bahn .. das scheint .. normal .. zu sein	unklare_Kategorie#nicht_identifizierbare_Kategorie 
http://www.youtube.com/watch?v=uZnYAccmwo0#z134g3nwevjhvfawu04ch1dzbkiyfd1jc1s	ALso erlich ich finde die s. .. ALso erlich ich finde die serrie sehr schön doch dassd was mich am meisten erstaund hat dass so etwas bei Regio NRW der DB kommt gibt DB regio Südost doch mal nen tipp ﻿	unklare_Kategorie#nicht_identifizierbare_Kategorie 
*	Reisen mit der Bahn zwischen Lust und Frust Empfehlen Der MDR ist nicht für den Inhalt externer Internetseiten verantwortlich	unklare_Kategorie#nicht_identifizierbare_Kategorie 
http://twitter.com/bckaemper/statuses/674500252301422592	RT @Gelbkopfamazone : Natürlich sagt die Bahn der Fernsehturm sei sicher . Genauso sicher , wie die Trauerweide . Rote Karte zeigen ! #S21 http …	unklare_Kategorie#nicht_vorhandene_Kategorie 
http://www.facebook.com/152033178165965/posts/958639264172015#152033178165965\_958639264172015	Re : DB Bahn " Liebe Bahn , Im folgenden Gespräch mit einem Bekannten , geht es um das Schwarzfahren bzw. um den Missbrauch der BahnCard100 . Es ist schade , dass die Kontrollen in der ersten Klasse so nachlässig durchgeführt werden und ich in jeder Regionalbahn zwei mal kotrolliert und gefragt werde wo ich eingestiegen bin und wohin ich fahren möchte . " " Die müssten ja im Zug sagen " " Neeeh , sie sehen nicht so aus wie der typ auf der karte ! " " Und das machen die nicht , die schauen die im Schnitt 1,6 Sekunden lang an . Es gibt sogar welche die sagen schon " " Ok , danke !!! Möchten Sie was aus dem Bordbistro ? " " bevor ich die richtig aus dem Geldbeutel geholt habe . Und auf der Bahncard hab ich die längeren Schwarzen Haare , und in real life kurze blonde . Also schon ein Unterschied , und das überprüfen die keine Sekunde lang . Ich glaube ich könnte auch die alte abgelaufene zeigen . Nach dem Ausweiß fragen sie auch nicht , obwohl man den Laut den AGB bei der 100 mit sich führen soll . Den wollen sie immer nur bei den leuten sehen die online gebucht und was ausgedruckt haben . Hab dir ja auch schonmal erzählt dass ich damit einfach immer 1. Klasse fahre und 9 von 10 nichtmal wissen dass die bc100 für erste Klasse anders aussieht . Hatte mal einen von **nach **, der hat mich darauf hingewiesen bzw höflich gefragt ob ich ein upgrade hätte , da stellst dich einfach ein wenig blöd und peinlich berührt und dann sagt der auch " " hmm ... jaah . also bestellen sie sich doch noch einen Kaffee und dann passt das so " " " " Mein Wunsch : " " Gleiche Kontrollen überall " " . Danke ;) PS. : Gibt's für das verpfeifen ggf. ein paar BahnCard Prämienpunkte ? "	Service_und_Kundenbetreuung#Zugbetreuung Ticketkauf 
http://twitter.com/Urschoepfer/statuses/674459506902999040	RT @quirlimum : Ich fahre grade Bahn ... 28min . voller Ereignisse die einen kompletten Blog füllen würden ...	unklare_Kategorie#nicht_identifizierbare_Kategorie 
http://twitter.com/Pendlomator/statuses/674629462034616320	RT @wozzap1435 : Hey @DB_Bahn , ihr dürft mir ruhig mehr solch netter Fahrgäste gewinnen . Immer wieder gerne ! :D https://t.co/cnBr249yH2	Atmosphäre 
http://twitter.com/DochGirl/statuses/674751198629507073	9:37 Guten Morgen . Ich war krank gestern aber heute ist es besser . Und jetzt gibt es Leute , Husten haben . #Bahn	unklare_Kategorie#nicht_identifizierbare_Kategorie 
http://twitter.com/DamirLowenkind/statuses/674637993743933441	@DB_Bahn Ebula ? ihr Rassisten ! mein armer @pascalhlr hat Ebola er fährt nicht mehr mit euch ihr seit teuer und rassistisch !	unklare_Kategorie#nicht_identifizierbare_Kategorie 
http://www.facebook.com/129349103260/posts/10153358949688261?comment\_id=10153359026673261#129349103260\_10153358949688261\_10153359026673261	Re : stuttgarter-zeitung.de Eben nicht - die Bahn war schon zur Privatisierung ein Milliardenloch , da es dem Staat schlichtweg egal war .	unklare_Kategorie#nicht_vorhandene_Kategorie 
http://www.facebook.com/152033178165965/posts/954838487885426?comment\_id=958360297533245#152033178165965\_954838487885426\_958360297533245	Re : DB Bahn Ich liebe deutlich Bahn	Allgemein 
http://twitter.com/tboley/statuses/674521528369856512	Na toll , ab dem 13. 12. 2016 gibt es zwischen 17:01 und 19 Uhr keinen ICE mehr zischen Essen und Köln ! #bahn #Pendler	Zugfahrt#Streckennetz 
*	@jessenphil Bahn ? Ist in der Chefetage schon Feierabend ? ;-)	unklare_Kategorie#nicht_identifizierbare_Kategorie 
http://twitter.com/floradiemaus/statuses/674517123641810944	RT @neuepresse : Sonntag ist Fahrplanwechsel bei der #Bahn - mit neuen Zügen mit kostenlosem Wlan . https://t.co/mxc5t1nLB3 https://t.co/UDANM …	unklare_Kategorie#nicht_identifizierbare_Kategorie Zugfahrt#Streckennetz Connectivity#WLAN_und_Internet 
http://www.facebook.com/152033178165965/posts/954838487885426?comment\_id=958136737555601#152033178165965\_954838487885426\_958136737555601	Re : DB Bahn Bahn ?! Gewinne Aktionäre , kosten Bürger , Verrat der Politiker mit dem Verkauf von Volksvermögen an Aktionäre	unklare_Kategorie#nicht_identifizierbare_Kategorie 
http://www.facebook.com/191656040850/posts/10153674856165851?comment\_id=10153675289360851#191656040850\_10153674856165851\_10153675289360851	Re : MDR SPUTNIK Die Bahn wird schneller ... Wenn Sie mal kommt !	Zugfahrt#Fahrtzeit_und_Schnelligkeit Zugfahrt 
*	Umfrage : Bahntickets zu teuer | Bei Flügen zählt der Preis Mannheim ( dpa / tmn ) - Flugzeug , Bahn oder Fernbus : Diese Möglichkeiten haben Reisende , die in Deutschland oder im nahen Ausland unterwegs sind . Doch die Ticketpreise unterscheiden sich deutlich . Sind die Preise angemessen ? Das wollte eine repräsentat	Ticketkauf 
http://twitter.com/Da\_\_Lin/statuses/674622445316349953	Mutter zu 4-jährigem in der Bahn : “ Was macht man , wenn man schöne Frauen sieht ? - Genau , Aufmerksamkeit erregen , winken und Kussgeräusch . ”	Atmosphäre 
http://www.facebook.com/768905426534529/posts/943900319035038?comment\_id=943957049029365#768905426534529\_943900319035038\_943957049029365	Re : Bundesregierung Also hier bei uns in Frankfurt kommt mittlerweile so gut wie keine Bahn mehr pünktlich , zumindest morgens und abends wenn die Leute zur / von der Arbeit fahren . Natürlich wird dies nicht in den Statistiken der Bahn vermerkt . Auch bestellt die Bahn mal gerne 100 nagelneue VW Golfs obwohl diese dann auf dem Parkplatz rosten weil niemand sie braucht , es geht nur darum dass der Staat über die Bahn bestimmte Unternehmen subventioniert . Der Fahrgast darf es dann bezahlen .	unklare_Kategorie#nicht_vorhandene_Kategorie Zugfahrt#Pünktlichkeit 
http://twitter.com/VictorVetterle/statuses/674501305948356608	RT @Gelbkopfamazone : Natürlich sagt die Bahn der Fernsehturm sei sicher . Genauso sicher , wie die Trauerweide . Rote Karte zeigen ! #S21 http …	unklare_Kategorie#nicht_identifizierbare_Kategorie 
*	Re : Radio Vest Uns die Mitarbeiter der Bahn ... der Lokführer und die Mitarbeiter die den Zug reinigen müssen	unklare_Kategorie#nicht_identifizierbare_Kategorie 
*	DB Schenker Rail https://t.co/8koWIXrhiZ	unklare_Kategorie#nicht_identifizierbare_Kategorie 
http://www.facebook.com/167154977630/posts/10153655357342631?comment\_id=10153655449062631#167154977630\_10153655357342631\_10153655449062631	Re : SÜDWEST PRESSE Online Nun ja , wichtiger ist mal die Verspätungsrate besonders auf der Strecke Ulm-Stuttgart zu reduzieren . Jeden Tag zig Nahverkehrszüge ( inzwischen auch selbstverständlich ) verpätet und immer noch kein Kampf dagegen seitens der Bahn bzw. dem Land !	Zugfahrt#Pünktlichkeit 
http://www.facebook.com/216393369120/posts/10153428815204121?comment\_id=10153428868554121#216393369120\_10153428815204121\_10153428868554121	Re : NWZonline Ich fahre regelmäßig mit der Nordwest Bahn und da gibt es nichts zu meckern	Allgemein 
http://twitter.com/atbense/statuses/674480050817925120	Deutsche Bahn … @DB_Bahn https://t.co/1Th3cD0fz1	unklare_Kategorie#nicht_identifizierbare_Kategorie 
*	@DB_Bahn da wurde bis jetzt immer ein Browserfenster auf https://t.co/3T3UOXlORu geöffnet .	DB_App_und_Website 
http://ehrlichforum.iphpbb3.com/forum/20934508nx3903/alles-rund-um-die-lindenstrasse-f3/30-jahre-lindenstrasse-die-chronik-t4364.html#7	Re : 30 Jahre Lindenstrasse Die Chronik Der Bahnhof hier hat keinen Fahrkartenschalter . Man kann froh sein , wenn man einen Fahrkartenautomaten vorfindet . Um mit der Deutschen Bahn zu fahren , wäre ich auch erstmal ewig unterwegs , hier gibt es nur so eine Regionalbahn . Aber danke trotzdem .	Zugfahrt#Streckennetz Ticketkauf 
http://www.facebook.com/152033178165965/posts/975969195772355?comment\_id=976054002430541#152033178165965\_975969195772355\_976054002430541	Re : DB Bahn In Stuttgart immer etwas mehr Zeit für die S- Bahn nehmen . DB - Netz sorgt dort immer wieder für Störungen .	Zugfahrt#Streckennetz Zugfahrt#Pünktlichkeit 
http://www.lawblog.de/index.php/archives/2015/12/30/die-zeitung-aus-der-1-klasse/#comment-667796	Ja , wenn alle Toiletten in der 2. Klasse kaputt ... Ja , wenn alle Toiletten in der 2. Klasse kaputt sind . Aktuell ist das Problem , dass die Bahn in der 1. Klasse etwas zu sehr an der Preisspirale gedreht hat , bzw man hier verdichten will und deswegen auch Wagons vor dem Speisewagen als 2 Klasse definiert hat . Seitdem ist es nicht mehr wirklich ruhig in der 1. Klasse . Zumindest ich reise nicht 1. Klasse , weil ich mich für was besseres halte , sondern weil für mich der Aufpreis nur dann Sinn macht , wenn ich die Zeit dann auch arbeitend nutzen kann . Zumindest mich lenkt es jedoch ab , wenn alle 2 Minuten einer durch den Gang kommt um aufs Klo zu gehen oder sich an den Zeitungen zu bedienen . Denn sobald einer eine Zeitung hinter trägt , kommen die nächsten 2 und tun es dem ersten nach .	Atmosphäre Toiletten#Funktionsfähigkeit_Toiletten Atmosphäre#Lautstärke 
http://twitter.com/manduechen/statuses/682602849168154624	" " " 1991 wo der ICE kam und die deutsche Bahn dachte dass Schnelligkeit = Pünktlichkeit ist . War wohl nichts . " " "	unklare_Kategorie#nicht_vorhandene_Kategorie 
http://twitter.com/ibo\_ebooks/statuses/682637241856962560	Neuerfindung des Computers in der Bahn zu bekommen ist kompliziert geworden .	unklare_Kategorie#nicht_identifizierbare_Kategorie 
*	Re : WAZ Nicht die Polizei . Die Polizeigewerkschaften . Vergleich : Bahn vs. GDL .	unklare_Kategorie#nicht_identifizierbare_Kategorie 
http://twitter.com/carlaxoxo99/statuses/682575663937753088	die deutsche Bahn ist immer pünktlich ... nicht	Zugfahrt#Pünktlichkeit 
http://twitter.com/pparcival/statuses/682629820153491458	Die #Bahn beginnt den Tiefbauausbau bei #S21 , ohne ein tragbares Brandschutzkonzept zu haben .	Sicherheit unklare_Kategorie#nicht_vorhandene_Kategorie 
http://www.facebook.com/152033178165965/posts/976141832421758?comment\_id=976158339086774#152033178165965\_976141832421758\_976158339086774	Re : DB Bahn Toiletten besitzen die S- Bahnen in Rostock , Dresden , Leipzig / Halle , Magdeburg , Nürnberg , Rhein-Neckar , Hannover , Salzburg , Basel und die Linie Mönchengladbach - Dortmund . Je nach Region gibt es dafür verschiedene Ursachen : Teilweise werden die S-Bahn-Fahrzeuge dort auch für Regionalverkehrsleistungen herangezogen ( oder umgekehrt ) , teilweise ist auch die durchschnittliche Reiseweite in den S- Bahnen sehr hoch . Die Münchener S- Bahn hatte seit Ihrer Eröffnung 1972 nie WCs ( außer wenn auf den Linien S20 , S27 und A normale Regionalzüge eingesetzt wurden ) .	Toiletten unklare_Kategorie#nicht_identifizierbare_Kategorie 
http://twitter.com/HerrVonWalther/statuses/682659459559223302	Hier laufen Leute durch die S- Bahn , es wäre völlig töricht , denen Sprengstoff zu geben . Aber sie haben ganze Tüten davon voll .	Atmosphäre 
http://twitter.com/thomaseisenhuth/statuses/682650925710852096	@wohnblogAt Quark : Die Träumerei vom Tesla für jeden . Deutsche Bahn sollte Politiker rausschmeißen und endlich Kunden gewinnen .	unklare_Kategorie#nicht_vorhandene_Kategorie 
http://twitter.com/toastbrotEnte/statuses/682638799625666562	Die nächste Gruppe asozialer Jugendlicher , die laut Musik in der Bahn oder sonst wo hört , kriegt tierisch auf die Fresse .	Atmosphäre 
http://twitter.com/PirantifaSLFRU/statuses/682683397009965057	" RT @bahnsaru : Züge entsprechend der " " Entwicklung " " des #Bahn - #Fernverkehr #2016 auf der #Saalbahn @DB_Bahn #Saalfeld #Jena https://t.co/iWui … "	unklare_Kategorie#nicht_identifizierbare_Kategorie 
http://twitter.com/PirantifaSLFRU/statuses/682683397009965057	" " " Zukunft Bahn Gemeinsam für mehr Qualität , mehr Kunden , mehr Erfolg " " : Etwas zu spät für die Meldung vom 17.12 . … https://t.co/50p1ctNYDy "	unklare_Kategorie#nicht_identifizierbare_Kategorie 
http://twitter.com/bloggendebahner/statuses/682510329239199744	RT @golem : Opendata im SPNV : Deutsche Bahn öffnet sich weiter der Hackercommunity #DeutscheBahn https://t.co/T4iXjum9Wv	unklare_Kategorie#nicht_vorhandene_Kategorie 
http://twitter.com/anchuin14/statuses/682742781153021952	@Klobsi oh ... na ich hoffe da tut sich noch was . Meine Bahn ist voll aber nicht überfüllt :)	Auslastung_und_Platzangebot 
http://twitter.com/toastbrotEnte/statuses/682726282224906240	Neues Jahr geht ja prima los . Massenschlägerei in der Bahn am Hamburger Hauptbahnhof .	Atmosphäre 
http://twitter.com/missfiebie/statuses/682495825734406144	Scheiße ist diese Bahn schick ! __ *	unklare_Kategorie#nicht_identifizierbare_Kategorie 
http://twitter.com/LMuellerin/statuses/682513840811196416	RT @golem : Opendata im SPNV : Deutsche Bahn öffnet sich weiter der Hackercommunity #DeutscheBahn https://t.co/T4iXjum9Wv	unklare_Kategorie#nicht_vorhandene_Kategorie 
http://www.facebook.com/621073881333682/posts/913000355474365?comment\_id=913200925454308#621073881333682\_913000355474365\_913200925454308	Die ansagen in dieser Bahn sind warum auch immer analog und ich verstehe sie nur , weil ich die Haltestellen kenne .	Informationen 
http://twitter.com/marco2080/statuses/682586648849289216	Liebe . @DB_Bahn warum werden die sichersten Zahlungsmittel , mit einem Zahlungsmittelentgelt belegt ? #kopfschüttel	Ticketkauf 
http://twitter.com/Earthfriend88/statuses/682574661012590592	RT @Team_Hannes : „ Die Bahn hat die S- Bahn in der Region in den Keller gefahren “ , kritisiert der VCD-Landesvorsitzende . https://t.co/Q1Mtvb …	unklare_Kategorie#nicht_identifizierbare_Kategorie 
http://www.facebook.com/112784955679/posts/10153853984040680?comment\_id=10153854145750680#112784955679\_10153853984040680\_10153854145750680	Re : ZDF heute Nadine Quebbemann genau sogar 143 Euro . Und dürfen auch noch schwarzfahren ophne das etwas passiert . Die Kontrolleure gehen einfach weiter . gestern selbst erlebt in S- Bahn Hamburg . Keiner macht etwas . Man lässt sie gewähren . Können machen was sie wollen .	unklare_Kategorie#nicht_identifizierbare_Kategorie 
http://www.youtube.com/watch?v=P9AUzIBFSck	National Express , Very British ! Hi . Hier seht ihr den neuen Talent 2 BR 442 der National Express GmBH . Die Mitfahrt wurde auf der Strecke Köln-Bonn gefilmt , auf der Linie RB48 ( Rhein-Wupper-Bahn ) auf der Fahrt nach Bonn Mehlem . Dieser Zug selbst fuhr wegen einer technischen Störung nur bis Bonn Hbf.	Sonstige_Unregelmaessigkeiten Zugfahrt#Technische_Schäden_und_Störungen_am_Zug 
http://twitter.com/earlybird445/statuses/682513493032103936	RT @golem : Opendata im SPNV : Deutsche Bahn öffnet sich weiter der Hackercommunity #DeutscheBahn https://t.co/T4iXjum9Wv	unklare_Kategorie#nicht_vorhandene_Kategorie 
*	Re : Wo bleibt die Windkraft ? django65 hat geschrieben : Jetzt darf man gespannt sein wer von den beiden Neuen den Zuschlag bekommt . Wenn die Bahn kein Staatsbetrieb wäre könnten sie aber auch eine kleine Abtreilung aufbauendie sen Strom ohne Zwischenhändler an der Börse kauft und sich über die gesparten Kosten finanziert . = > Traum Ende . Es wird auf einen der beiden hinauslaufen und das werden Kohle Lore , der Dicke Doofe und ein paar Schecks entscheiden . Django	unklare_Kategorie#nicht_identifizierbare_Kategorie 
http://twitter.com/Traktion100/statuses/682513440980742144	RT @golem : Opendata im SPNV : Deutsche Bahn öffnet sich weiter der Hackercommunity #DeutscheBahn https://t.co/T4iXjum9Wv	unklare_Kategorie#nicht_vorhandene_Kategorie 
http://www.ice-treff.de/index.php?id=394276	Mich erschreckt die Bahn-Reaktion / Diebstahl bleibt Diebstahl " Mich erschreckt die Bahn-Reaktion / Diebstahl bleibt Diebstahl , Donnerstag , 31. Dezember 2015 , 11:36 Hier wird über den Rauswurf eines Fahrgastes aufgrund einer aus der 1. Klasse mitgenommenen Zeitung berichtet . Beim Bahn-Konzern wird der Vorfall bedauert . ( ... ) " " Auf jeden Fall werden wir ihm die Kosten für das zusätzliche Ticket erstatten . " " – Dafür dürfte der Lehrer auf der Strecke Augsburg – München 13 , 60 Euro bezahlt haben Wozu hat er eine extra Fahrkarte Augsburg - München gekauft ? Die ICE-Fahrkarte war doch eigentlich auch im RE gültig . Selbst bei Sparpreis greift dann logischerweise die Verspätungsregel . Besonders schlau ist dieser Fahrgast wohl nicht . Kennt weder Eigentumsrechte noch FGR und sowas nennt sich Lehrer ... Ich halte denm Fahrgast sogar für ausgesprochen dumm und nehme damit die Grenzen meiner Meinungsfreiheit in Anspruch . Leider ist auch eine Altersangabe im Artikel vorhanden , so dass auf den beruflichen Status geschlossen werden kann . Lehrer + Altersangabe bedeutet höchstwahrscheinlich Beamter . Der ein ganz besonderes Treueverhältnis zum Staat und seinen Regeln hat . Deshalb gefällt mir diese Passage aus dem Artikel sehr gut : " " Der irritierte Bahnkunde weigerte sich zunächst , seine Fahrt zu unterbrechen . Doch der Zugbegleiter verschaffte sich mit einer hinzugezogenen Polizistin Respekt . Mit der Drohung , dass die Sache auch zum " " Fall für die Polizei " " gemacht werden könne , hatte der Bahnmitarbeiter dann Erfolg . Weber gab sich geschlagen und fuhr den Rest der Strecke mit dem Regionalzug weiter . " " Für mich hat der Zub vorbildhaft gehandelt und verdient eine Belobigung , keine Entschuldigung . Denn die Frage ist : Wo fängt Diebstahl an , wo hört er auf ? Man denke an den früheren ICE-Sprinter zurück . Ein Schaffner stellt kurz das Tablett mit Kaffee ab und ein Lehrer ( 2 . Klasse Fahrgast ) bedient sich . Ist dies dann schon Diebstahl , weil der Kaffee mehr als eine Zeitung kostet ? Wo fängt das an , wo hört es auf ? Und alle weiteren Ausreden von nicht vernünftiger Markierung als Ausrede finde ich unverständlich . Deshalb ärgere ich mich , dass der Bahnsprecher auf den Fahrgast hereingefallen ist . Was sollen alle die kleinen Kiosk- Supermarktbetreiber sagen , bei denen Impulskaufartikel auch mal gerne zu Impulsklauartikeln werden ? Und ich als Kunde zahle dann in jeder n- ten Ritter Sport im Supermarkt auch die Magnetfolie mit die eingebaut werden muss und den Videooperator der im großen Supermarkt sein Adlerauge schweifen lassen muss . Irgendwie ein ärgerliches Thema .... Sicherheitshinweis : Lassen Sie Ihre Politiker nicht unbeaufsichtigt ! Security advice : Don't leave your politicians unattended ! "	unklare_Kategorie#nicht_identifizierbare_Kategorie Image 
http://www.facebook.com/79516702871/posts/10153449855987872?comment\_id=10153449983957872#79516702871\_10153449855987872\_10153449983957872	Re : NETT-WERK BERLIN Um kurz vor Mitternacht am Zoologischen Garten in die S- Bahn Richtung Hauptbahnhof . Der S- Bahn Fahrer soll wohl extra langsam fahren , damit man alles schön genießen kann :-)	Zugfahrt#Fahrtzeit_und_Schnelligkeit 
http://twitter.com/terrortubby/statuses/682601995761483779	Bahn kaputt \o/	Zugfahrt#Technische_Schäden_und_Störungen_am_Zug 
http://twitter.com/spicaterrible69/statuses/682564099121803264	Premium-Idioten in meiner Bahn !	Atmosphäre 
http://twitter.com/byScroxar/statuses/682534248293789697	ICH FAHRE NOCH BIS CA : 19 UHR WAS ?! ok Deutsche Bahn halt .	Zugfahrt#Fahrtzeit_und_Schnelligkeit Allgemein 
http://twitter.com/pihalbe/statuses/682485714299260928	RT @golem : Opendata im SPNV : Deutsche Bahn öffnet sich weiter der Hackercommunity #DeutscheBahn https://t.co/T4iXjum9Wv	unklare_Kategorie#nicht_vorhandene_Kategorie 
http://twitter.com/Grazywalking/statuses/682445230013059072	RT @BahnAnsagen : Noch keine Weihnachtsgeschenke ? Kurze Zeitreise in der Bahn ... Problem gelöst ! ( via Julian Graf ) #Bahn #Weihnachten https : …	unklare_Kategorie#nicht_identifizierbare_Kategorie 
http://twitter.com/Hatschebutz/statuses/682464545093345280	RT @stuttgarter1977 : #SBB - Nie wieder Stellwerkstörung ;-) https://t.co/7toXaatzmb #Bahn #DB	unklare_Kategorie#nicht_identifizierbare_Kategorie 
http://twitter.com/DeniseOnLine\_/statuses/682559257850593280	Ich könnte ja wieder anfangen ... aber , habt ihr schon gemerkt wie sehr ich Bahn fahren liebe ?	unklare_Kategorie#nicht_identifizierbare_Kategorie 
http://www.bym.de/forum/welt/484085-bym-silvester-31.html#post1072386065	AW : ?? BYM-SILVESTER ?????? Zitat von Jatzi und auf der Party stehste dann gelangweilt am rand ? machst du Party in Büllerbü ? erstmal stecke ich inner bahn fest , weil irgendwelche leute quatsch auf den gleisen machen hogott	Sonstige_Unregelmaessigkeiten 
http://twitter.com/FSue10/statuses/682687757387444224	@bahnsaru @DB_Bahn Wuhu , es gibt endlich wieder 2 CityNightLine Züge ! Halten die dann auch in Jena und Saalfeld ?	Zugfahrt#Streckennetz 
http://www.facebook.com/1475213562698128/posts/1737451236474358#1475213562698128\_1737451236474358	fnp.de S-Bahn-Tunnel wird erneut gesperrt : Neue Geduldsprobe für Frankfurt-Pendler | Frankfurter Neue ... + + + News + + + Neue Geduldsprobe für Frankfurt-Pendler ! http://www.fnp.de/lokales/frankfurt/Neue-Geduldsprobe-fuer-Frankfurt-Pendler;art675,1776864 Die wochenlange Sperrung des Frankfurter S-Bahn-Tunnels im vergangenen Sommer war nur der Anfang : 2016 kommt es für die Pendler noch dicker . Dafür steigen die Preise für Busse und Bahnen diesmal moderat .	Ticketkauf Zugfahrt#Streckennetz 
http://twitter.com/edoppelfi/statuses/682618530525765636	Zu mir kommt heute keiner weil die bahn verkackt hat geil danke ❤ ️	unklare_Kategorie#nicht_identifizierbare_Kategorie 
http://twitter.com/Niveaustifter/statuses/682709406811877377	Zurück aus der Innenstadt in #München , eben noch mit der S- Bahn durch den totenstillen Hauptbahnhof gerollt , selten Paris näher gefühlt .	Atmosphäre#Lautstärke unklare_Kategorie#nicht_vorhandene_Kategorie 
http://www.ice-treff.de/index.php?id=394290	Die Führungsetage hat nichst verstanden ... " Die Führungsetage hat nichst verstanden ... Hustensaft , Donnerstag , 31. Dezember 2015 , 12:40 ( vor 9 Minuten ) @ EC 178 bearbeitet von Hustensaft , Donnerstag , 31. Dezember 2015 , 12:40 Anders kann man das Papier nicht interpretieren . Schon die Vorgabe von 85 % " " betrieblicher " " Pünktlichkeit im Fernverkehr ist wahrlich nicht ambitioniert . Berücksichtigt man dann aber das " " betrieblich " " - d. h. bis 5 Min. Verspätung ist ein Zug per Definition der Bahn nicht verspätet - , so wird klar , dass man überhaupt nichts verstanden hat , denn ein Kunden , der wegen einer Nicht-Verspätung nach Bahnlesart seinen Anschluss ( gleich ob Zug , Straßenbahn , Bus oder Fähre ) verpasst hat , wird für solche Wortspielereien kein Verständnis haben , für den war die Bahn schlicht und einfach zu spät . "	Zugfahrt#Pünktlichkeit unklare_Kategorie#nicht_identifizierbare_Kategorie unklare_Kategorie#nicht_vorhandene_Kategorie 
http://twitter.com/mrcl404/statuses/682558072586407936	Dem @DB_Bahn Team vielen lieben dank für die schnelle Hilfe dieses Jahr ! Rutscht gut rein und schlaft morgen auch mal aus ;)	unklare_Kategorie#nicht_identifizierbare_Kategorie 
http://www.medi-jobs.de/0/6985/	Stellenangebot : Arzthelferin , MFA , Krankenschwester , Tresenkraft in Michendorf Medi-Jobs-ID : 0 -6985 URL : http://www.medi-jobs.de/0/6985/ Stellenangebot : Arzthelferin , MFA , Krankenschwester , Tresenkraft Arzthelferin , MFA , Krankenschwester , Tresenkraft Arztpraxis für Allgemeinmedizin , Naturheilverfahren , Akupunktur , Neurofeedback Potsdamer Str. 35 14552 Michendorf www.Arztpraxis-Frenzel.de Anstellung in Teilzeit ( 10 -20 -30 Wochenstunden ) Vereinbarung ab sofort Erfahrene , freundliche Arzthelferin / MFA / Krankenschwester von einem netten Team in Allgemeinarztpraxis mit freundlichen Patienten gesucht . Möglich wäre auch eine Umschulung zur MFA oder evt. auch Einarbeitung einer berufsfremden Mitarbeiterin . Die Arbeitszeit bei 4-Tage-Woche ist flexibel . Zu erledigen sind die typischen , vielseitigen Aufgaben einer MFA einschließlich Blutentnahme , EKG , Spiro und Verwaltungsarbeiten mit TURBOMED . Dazu kommen Neurofeedback therapien , die erlernt werden können . Auch Wiedereinsteigerin oder pensionierte Kolleginnenauf 450. - - Basis sind willkommen . Die Praxis ist sehr verkehrsgünstig gelegen : Bahn RE7 25 Min vom Bahnhof Zoo , RB23 , OE 33 , Auto A10 Abfahrt Michendorf ( 30 Min vom Funkturm , ) Bus : 643 ( 15 Min. vom Hbh . Potsdam ) Anforderungen an den Bewerber bzw. erforderliche Qualifikation : Arzthelferin oder Krankenschwester , aber auch berufsfremde Mitarbeiterin oder Umschülerin . Möglich wäre auch eine Wiedereinsteigerin oder pensionierte Kollegin auf 450. - - Basis . Bewerbungsadresse : Arztpraxis Frenzel , Potsdamer Str. 35 , 14552 Michendorf jasmin1@email.de , 0151 - 50 70 29 81 Referenznummer : Medi-Jobs -0 -6985 Damit Ihre Bewerbung einfacher zugeordnet werden kann , beziehen Sie sich bei Ihrer Bewerbung unbedingt auf diese Referenznummer !	Zugfahrt#Streckennetz 
http://www.ice-treff.de/index.php?id=394347	" " " Zukunft Bahn " " Ende der Schlaf und Liegewagen " " " " Zukunft Bahn " " - Ende der Schlaf- und Liegewagen Jol , Augsburg , Donnerstag , 31. Dezember 2015 , 17:43 ( vor 5 Minuten ) @ Lehrter Bahnhof bearbeitet von Jol , Donnerstag , 31. Dezember 2015 , 17:47 Ah , jetzt ist der Brief auch offiziell draußen .. Habe ihn schon vor Weihnachten intern bekommen . Leider weiß ich nicht so recht , was ich von TAV im Fernverkehr halten soll .. Damit geht für mich ein bisschen Biss an meinem Beruf verloren . / Ich verstehe zwar , dass wir mehr Service machen sollen , aber vor allem in der 1. Klasse fühlen sich viele Fahrgäste schon genervt , wenn man zwei mal durchgeht und was anbietet . Und dass die Fahrscheinkontrolle gemindert werden soll , finde ich auch nicht so toll . Was sollen wir als Zubs dann noch machen ? Ein mal durchgehen und dann 2. und evtl. noch 1. Klasse von vorne bis hinten bedienen ? " " Es gibt 403 gute Gründe , sich bei Tempo 300 zuhause zu fühlen . " " - Zugbegleiter-Azubi DB Fernverkehr , München "	Atmosphäre Gastronomisches_Angebot 
http://www.facebook.com/658595464177386/posts/945002658869997?comment\_id=945259018844361#658595464177386\_945002658869997\_945259018844361	Re : Kranke Videos Ja das mit den beiden , aber das war es dann noch mal die Tage , an denen die . . Halt mich , ob die Möglichkeit der Bahn , die in	unklare_Kategorie#nicht_identifizierbare_Kategorie 
http://www.ice-treff.de/index.php?id=394334	Ich finde die Maßnahmen mit einer Ausnahme sehr sinnvoll ! ( Antwort ) Ich finde die Maßnahmen mit einer Ausnahme sehr sinnvoll ! JW , Donnerstag , 31. Dezember 2015 , 15:43 ( vor 6 Minuten ) @ EC 178 ich finde das Konzept hat Hand und Fuß und es ist endlich mal eine Perspektive sichtbar ! Insbesondere kommen auch mal die technischen Inovationen nicht zu kurz , ein Bereich den die Bahn jahrzehntelang vernachlässigt hat : Netzweiter Stellwerksaustauch & ETCS Level 3 autonomes Fahren Echtzeitfahrpläne WLAN Internetzugang über Bündelung aller Mobilfunknetze Elektronische Wagenstands / Zugzielanzeiger Technische Sicherung aller Fahrzeugtüren im Fernverkehr Keine störenden Fahrscheinkontrollen mehr ( für reservierte Sitzplätze ) Sorgen macht mir nur der Punkt mit den Güternahverkehr . Ich fürchte hier ein großes Streckensterben . Auch wenn dort beschrieben steht , dass man diese Verkehre an Dritte abgeben will . Insgesamt habe ich aber Hoffnung , dass es bei der Bahn , erstmals in diesem Jahrtausend , wieder aufwärts gehen könnte . Viele Grüße Jörg	unklare_Kategorie#nicht_vorhandene_Kategorie Ticketkauf Zugfahrt#Streckennetz 
http://twitter.com/Sonic2000xray/statuses/682530579175321601	Warum auch immer die Bahn sich teilen muss .	Zugfahrt 
*	Erst seit 7 1 /2 Jahren bei der Deutschen Bahn und schon der dritte Firmenname . Erst Railion , dann DB Schenker Rail , jetzt DB Cargo ...	unklare_Kategorie#nicht_vorhandene_Kategorie 
*	" Detailinfos zu " " Zukunft Bahn " " ( Antwort ) " " Detailinfos zu " " Zukunft Bahn " " TEE Rheingold , Donnerstag , 31. Dezember 2015 , 14:29 ( vor 1 Minuten ) @ Lehrter Bahnhof Sehr interessant ! Vielleicht spielen die im Management der Bahn und bei McK zusammen Golf . War auch überrascht , wie gelassen Anfang des Jahres bei der Bahn von der Fernbuskonkurrenz geredet wurde . Nun wacht man wohl langsam auf ... Das man sich mit 85 % 5-Minuten-Pünktlichkeit zufrieden geben will , finde ich einen Witz , zumindest bei Normalpreisen . Wenn ich für 29 Euro duch halb Deutschland komme muss nicht alles perfekt sein . Man hat wohl erkannt , dass man mit den geforderten betriebswirtschaftlichen Zielen keine besonderen Pünktlichkeitswerte mehr erzielen wird . "	Zugfahrt#Pünktlichkeit 
http://twitter.com/ToriajiX/statuses/682616915529981953	@SenpaiMai Und ich kann in der S- Bahn kostenlos mein Handy auslanden .	Komfort_und_Ausstattung 
http://www.facebook.com/152033178165965/posts/975884015780873?comment\_id=975916292444312#152033178165965\_975884015780873\_975916292444312	Re : DB Bahn ich an Deiner Stelle wäre gleich geflogen - die Bahn is das allerletzte	Allgemein 
http://www.ice-treff.de/index.php?id=394362	" " " Zukunft Bahn " " Ende der Schlaf und Liegewagen " " " " Zukunft Bahn " " - Ende der Schlaf- und Liegewagen Thomas , Donnerstag , 31. Dezember 2015 , 18:33 ( vor 10 Minuten ) @ Jol die Zubs werden dann schleichend eingespart . Wo nötig werden bahnferne Servicekräfte und Sicherheitsleute eingestellt "	Sicherheit Komfort_und_Ausstattung Service_und_Kundenbetreuung 
*	@DB_Bahn - ICE 597 - Wagen 4 - kann da bitte das WLAN mit dem Internet verbunden werden ? Danke . Das Personal am Boden schafft das nicht .	Connectivity#WLAN_und_Internet Service_und_Kundenbetreuung 
http://twitter.com/PROBAHN\_NRW/statuses/682575310781571072	" RT @PRO_BAHN : " " Zukunft Bahn Gemeinsam für mehr Qualität , mehr Kunden , mehr Erfolg " " : Etwas zu spät für die Meldung vom 17.12 . … https://t.c … "	unklare_Kategorie#nicht_identifizierbare_Kategorie 
http://twitter.com/neptuniasulphur/statuses/682532046531592192	RT @rbbonline : Randalierer zerstören 49 Scheiben in der S- Bahn . Bundespolizei sucht Zeugen https://t.co/zD0fJ5adFy https://t.co/HVjSG33BC4	Atmosphäre 
http://www.facebook.com/189915387819962/posts/741595252651970?comment\_id=741793812632114#189915387819962\_741595252651970\_741793812632114	Re : HKX - Hamburg / Köln / Express Der DB Fernverkehr fährt sogar mit 14 Wagen , also wären 2 wagen mehr durch aus drin nur nicht verfügbar	Auslastung_und_Platzangebot 
http://twitter.com/allesmonoton/statuses/682550132953473024	Die ganze Bahn ist leer und man setzt sich dann natürlich neben mich .	Auslastung_und_Platzangebot Atmosphäre 
http://www.facebook.com/301409529957613/posts/854988481266379?comment\_id=855002291264998#301409529957613\_854988481266379\_855002291264998	Re : Siegener Jungsflohmarkt Guck doch DB navigator der ist immer auf den neusten Stand	DB_App_und_Website 
http://www.facebook.com/152033178165965/posts/972911352744806?comment\_id=975878619114746#152033178165965\_972911352744806\_975878619114746	Re : DB Bahn Frohes neues Jahr . Habe mir für 2016 vorgenommen noch mehr Bahn zu fahren . Ich hoffe das ist okay für euch und ihr bringt mich - wie bisher - meist pünktlich und komfortabel ans Ziel . :)	Zugfahrt#Pünktlichkeit 
http://twitter.com/xSavedByMusic/statuses/682726074808201217	" Manu so " " der deutsche Bahn " " " " der App " " "	unklare_Kategorie#nicht_identifizierbare_Kategorie 
http://twitter.com/SilSte/statuses/682443989686054912	3x versucht die @DB_Bahn lounge zu nutzen . Drei mal war sie zu ...	unklare_Kategorie#nicht_vorhandene_Kategorie 
http://twitter.com/Likwit213/statuses/682503248629133312	Wow das WLAN im ICE ist langsamer als meine GPRS Verbindung @DB_Bahn	Connectivity#WLAN_und_Internet 
http://twitter.com/verydeadcat/statuses/682492179508523008	Zu wenig Ticketautomaten , keine #touchandtravel Verbindung . Gut gemacht , #Hamburg . Evtl in 2017 . @DB_Info @DB_Bahn https://t.co/XzIgOHVCPj	Ticketkauf unklare_Kategorie#nicht_vorhandene_Kategorie 
http://www.gutefrage.net/frage/ticketautomat-gesprenngt-und-nur-eine-automat-war-da-kann-ich-dann-einfach-bahn-fahren-oder-was-ist-jetzt-angebracht#answer-188771670	Ticketautomat gesprenngt und nur eine Automat war da kann ich dann einfach Bahn fahren oder was ist jetzt angebracht ? Die sagen du musst dir wo anders ein Ticket hollen , eine Station weiter online oder sonst wo gutefrage.net-Tag : Bahn gutefrage.net-Tag : Ticket	Ticketkauf 
http://twitter.com/rubberduckweb/statuses/682553593690484736	Hallo @DB_Bahn , der Entwerter auf dem Bahnhof Bad Harzburg ist ausser Betrieb https://t.co/pbc29nFFeU	Ticketkauf 
http://www.facebook.com/138772923358/posts/10153316202778359?comment\_id=10153316684073359#138772923358\_10153316202778359\_10153316684073359	Re : Leonberg Die amen bahn fahren dürfen leere Bahnen Rum fahren um 12	unklare_Kategorie#nicht_identifizierbare_Kategorie 
http://twitter.com/soschy/statuses/682525230133309441	@DB_Bahn Kann man nicht einfach beim Schaffner verlängern ? Sind nur 1 , 50 € Unterschied . Wäre mal ein sinnvoller Service .	Service_und_Kundenbetreuung 
http://twitter.com/Mad\_1978/statuses/682543211492032512	Aahhhhhh , Reeperbahn und schon ist die Bahn leer . Hätte ich mir ja denken können .	Auslastung_und_Platzangebot 
http://twitter.com/elbblick/statuses/682751871291895808	" Typ in S- Bahn begrabbelt Schlafende . Mit einem scharfen " " Digger , brennst du ?! " " hat er wohl nicht gerechnet . Fluchtartiger Aufbruch . "	Atmosphäre 
http://twitter.com/DerSpecter/statuses/682472603920011264	Freue mich schon auf die ganzen besoffenen Leichen in der Bahn heute Nacht . #NICHT	Atmosphäre 
http://www.facebook.com/152033178165965/posts/975884015780873?comment\_id=975954839107124#152033178165965\_975884015780873\_975954839107124	Re : DB Bahn Ich an eurer stelle würde zukünftig laufen wenn alles so scheisse ist .... als würde jeden tag alles 100 % laufen bei der bahn ... und wenn ich nicht reserviert hätte waerr ich erst garnicht gefahren ... was ist das für eine aussage bitte ? Dann nutz doch absofort dein auto und verschone uns von solchen sprüchen ..... Bla bla das ist ja das mindeste ......	unklare_Kategorie#nicht_identifizierbare_Kategorie 
http://twitter.com/ReussNicolas/statuses/682564672801902596	@DB_Bahn Hatte mich nur gewundert da es bei der @RailService und bei Airlines geht . Wird das in Angriff genommen ? Wäre cool !	unklare_Kategorie#nicht_identifizierbare_Kategorie 
https://plus.google.com/+AndreasLeißner/posts/HjSA4eE6dNs#z13yj3wqgt3wsl13422rfryzlqyje5z03.1451567906093844	Re : Erste Fahrt im zum IC umlackierten Doppelstockwagen . Wer schnell seekrank wird , sollte sich lieber unten ... Sei doch froh ... Es hätte auch ein offener Güterwagen sein können ... bei der Bahn ist alles möglich ... ; 0 )	Allgemein Design 
http://twitter.com/ichmagmuell/statuses/682500270941716480	❝ missfiebie : Scheiße ist diese Bahn schick ! __ https://t.co/thkQ3xGJl7	Allgemein Design 
http://www.facebook.com/111613068873561/posts/1100419519992906#111613068873561\_1100419519992906	www.fnp.de Neue Geduldsprobe für Frankfurt-Pendler - S-Bahn-Tunnel unter der City wird in den Ferien erneut wochenlang gesperrt - Hinzu kommen Preiserhöhungen Die wochenlange Sperrung des Frankfurter S-Bahn-Tunnels im vergangenen Sommer war nur der Anfang : 2016 kommt es für die Pendler noch dicker . Dafür steigen die Preise für Busse und Bahnen diesmal moderat .	Ticketkauf Sonstige_Unregelmaessigkeiten 
https://travelthoughtsblog.wordpress.com/2015/12/31/unsere-reise-ins-paradies-teil-1-die-probleme-und-aengste-eines-dorfkindes/	Unsere Reise ins Paradies Teil 1 – Die Probleme und Ängste eines Dorfkindes Wenn man an die Malediven denkt , denken die meisten wohl sofort an weiße Strände , kristallklares Wasser und Honeymoon Urlauber . Aber ist dieser Ort wirklich so , wie man ihn aus dem Internet kennt ? Kann es wirklich sein , dass Wasser irgendwo auf dieser Welt so klar ist , dass man seine eigenen Füße sehen kann und gibt es tatsächlich Inseln auf denen Bewohner und Besucher nur barfuß herumlaufen ? Für meine Schwester und mich , war all das erst ein mal recht schwer vorstellbar – bis jetzt hatten wir immerhin nur Strandurlaube auf der Ostseeinsel Fehmarn gemacht . Wer schon einmal dort war weiß , im Gegensatz zur Nordsee , ist das Wasser hier zwar immer da , meistens aber voll mit Quallen und anderen eher nervigen Tieren und Pflanzen . Barfuß zu laufen , ist zwar in einigen Ecken unserer Heimatstadt besonders in der , , Alternativen-Szene ’ ’ im Moment wieder sehr in Mode – diese Leute werden allerdings eher belächelt , wenn sie so in eine Straßenbahn einsteigen oder morgens den Bäcker betreten . Hörte sich also recht spannend an , dieser Ort , der ca. 7.864,54 Kilometer von unserem Zuhause entfernt lag . Nachdem wir uns nach einer sehr langen und detaillierten Suche endlich für das Hotel , , 5 Athuruga Beach and Water Villas ’ ’ entschieden hatten , buchten wir 10 Tage im Paradies . 5 Monate später war es so weit : mit gepackten Koffern , stiegen wir morgens am 29. Mai in den Zug in Bremen ein und starteten unsere Reise Richtung Frankfurt . Das unser Flug erst abends um 23 Uhr startete , verschwieg ich meiner Schwester zu diesem Zeitpunkt noch – ich wollte aber zumindest ein wenig Puffer einplanen , auch wenn 9 Stunden hierfür im Nachhinein zugegeben vielleicht etwas viel waren . Es war nun mal meine erste große Reise , ich als große Schwester hatte die Verantwortung übernommen und bei den regelmäßigen Verspätungen der deutschen Bahn war sicher nun mal einfach sicher . Als wir dann also gegen 15 Uhr in Frankfurt ankamen , war meine Schwester zwar recht sauer , ich dagegen sehr erleichtert , dass wir es , , rechtzeitig ’ ’ geschafft hatten J. Und so verbrachten wir einen schönen Tag am Frankfurter Flughafen – die haben da eine echt tolle Pizzeria und eine Menge netter Shops , in denen man sehr gut seine Zeit absitzen kann . Riesenpizza im Frankfurter Flughafen Als dann endlich die Ansage zum Bording kam , waren wir super müde und einfach nur erleichtert bald schlafen zu können . Der Flug mit der Fluggesellschaft Etihad verlief super . Das gesamte Personal war sehr zuvorkommend , mit dem Reisepaket , welches jeder Gast bekam , konnte der Flug mehr als gut überstanden werden und auch die Sitze waren mit ausreichend Platz konstruiert . Außerdem gab es in jedem Sitz einen TV mit eingebauter Nintendo Kosole – gar nicht so übel also , sollte man aus unerklärlichen Gründen nicht schlafen können … … 3 Stunden später waren wir immer noch nicht eingeschlafen ; entweder war es die Aufregung oder die gute Auswahl an Filmen , die uns auf Trab gehalten hatten . Als wir 3 Stunden darauf in Abu Dhabi gelandet waren , erlebte ich den ersten Luftfeuchtigkeitsschock meines Lebens . Für einen kleinen Moment dachte ich , ich würde sofort umfallen – nach ein paar Minuten konnten wir allerdings schon wieder ins nächste Flugzeug , wo sich dann erst ein mal alles wieder normalisiert hatte . Landeanflug Abu Dhabi Kurz nachdem alle Passagiere ihren Platz eingenommen hatten , versprühten die Flugbegleiterinnen im gesamten Flugzeug eine Flüssigkeit , die sich zu leichtem Nebel entwickeln zu schien . Auf den Bildschirmen erschienen plötzlich arabische Ziffern , über die Lautsprecher sagte ein sehr aggressiv klingender Mann etwas , was wir nicht verstehen konnte . War das nun das Ende unserer Reise ? Wurde unser Flugzeug hier gerade entführt ? Nachdem unser Sitznachbar wohl sehr schnell die Panik in unseren Gesichtern gesehen hatte , klärte er uns auf , dass es sich bei den Zeichen , sowie dem Gesprochenen um ein arabisches Gebet für einen sicheren Flug handle und die Flüssigkeit dafür sorgte , die Lufttemperatur , sowie die Luftfeuchtigkeit innerhalb und außerhalb des Flugzeuges zu kompensieren . Wir sahen uns an und ohne ein Wort zu sagen , wussten wir was die jeweils Andere dachte : Wir Dorfkinder haben wirklich keine Ahnung von der großen Welt und noch eine ganze Menge zu lernen . Ein paar wenige Stunden später , landeten wir endlich in Malé , der Hauptstadt der Malediven . Schon aus dem Flugzeug hatten wir einen tollen Blick auf die vielen Inselgruppen und das türkisblaue Wasser gehabt – selbst von oben kam all das unserer Vorstellung , die wir aus den vielen Werbebroschüren und Internetbildern hatten , sehr nah . Landeanflug Malé Wir wurden nach einer kurzen Einreisekontrolle ( ja , man braucht natürlich einen Reisepass ) mit einem kleinen klapprigen Bus zu dem Flughafen der Wasserflugzeuge gebracht . Am Anfang war ich mir sicher , dass es unser Gepäck nicht schaffen würde dort ebenfalls anzukommen , ich hatte das , , System ’ ’ aber scheinbar unterschätzt und einige Minuten später standen wir samt Koffern an dem schönsten Flughafen , den ich jemals gesehen habe . Nach einem einstündigen Aufenthalt , der einem quasi schon wie der Urlaub selber vorkam , wurden wir in ein 8 Personen Wasserflugzeug geleitet . Ich weiß nicht , wie man sich für den Beruf des Wasserflugzeugpiloten entscheiden konnte , und jeden Tag aufs Neue diese Tortur auf sich nehmen konnte , denn mir wurde fürtlicher übel , wärhend des Flugs . Trotzdem war der Pilot genau so wie sein Co-Pilot in bester Stimmung und keine 30 Minuten später hatte auch ich es dann geschafft und wurde samt Schwester und Gepäck auf einem Holszsteg mitten im indischen Ozean ausgesetzt . Wir konnten unsere Insel schon sehen , waren allerdings noch nicht ganz sicher , wie wir dort hinkommen würden . Im Wegfliegen rief uns der Pilot noch zu , jemand würde kommen und uns mit einem kleinen Boot abholen . Nachdem ich mich vor lauter Erschöpfung auf den Steg gesetzt hatte , krabbelte eine Riesenkrabbe nur einige Zentimeter an uns vorbei und das nahende Boot war die Rettung in letzter Not – zwei Landeier auf einer Insel mit , , wilden ’ ’ Tieren – das konnte ja was werden … :-) Rettung in letzter Not – unser Dhoni	Zugfahrt#Pünktlichkeit 
http://www.gutefrage.net/frage/warum-begeht-die-deutsche-bahn-nicht-diese-massnahme-zur-fahrgasterhaltung#answer-188714490	Warum begeht die deutsche Bahn nicht diese Maßnahme zur Fahrgasterhaltung ? Da könnten die zentnerweise Schokolade hinlegen ... Ich vermeide es so gut es geht mit der Bahn zu fahren . Der Zug ist weg .... VG pw gutefrage.net-Tag : Bahn gutefrage.net-Tag : DB gutefrage.net-Tag : Deutsche-Bahn gutefrage.net-Tag : Fahrt gutefrage.net-Tag : Reise gutefrage.net-Tag : Werbung gutefrage.net-Tag : Zug	Allgemein 
http://twitter.com/kaddikolumna/statuses/682471496544043008	@DB_Bahn Alles klar , der Anschlusszug ist auch verspätet , das Problem hat sich also von selbst gelöst	Zugfahrt#Anschlusserreichung 
http://twitter.com/Klobsi/statuses/682751709089771520	Sind nun endlich im Hotel angekommen , nachdem ewig die Bahn nicht kam und wir direkt neben uns ne Schlägerei hatten .	Sonstige_Unregelmaessigkeiten 
http://twitter.com/aktuell\_xxl/statuses/682486487053692932	Fahrkarten für Bus und Bahn werden teurer : Das Wort Fahrpreiserhöhungen klingt nicht schön . Deshalb benut ... https://t.co/GCcfGORnKa @HAZ	Ticketkauf 
http://twitter.com/AlinaNyam/statuses/682604630384205828	Deutsche Bahn . Von Dortmund nach Köln . Ich hab einen Sitzplatz . Jetzt steht Silvester nichts mehr im Weg , ich weine vor Freude :D	Auslastung_und_Platzangebot 
http://twitter.com/Resturlaub\_/statuses/682558737731727360	RT @AllesFaktenFUN : Alle HASSEN deutsche BAHN TEUER VERSPÄTET und so ! Neueste Ausgabe AllesFaktenNEWS hier ! NEUE NEWS ! http://t.co/02pIjA0z …	Ticketkauf Zugfahrt#Pünktlichkeit Allgemein 
http://twitter.com/WernGeb/statuses/682568274656231425	RT @Joolled : Mein Dank geht an die Deutsche Bahn , wegen der ich ein völlig neues Zeitgefühl erlangt habe . ( Eine Stunde früher oder später , …	unklare_Kategorie#nicht_identifizierbare_Kategorie 
http://twitter.com/asodan/statuses/682472602066153472	Sehr freundliches Personal auf dem weg von Hamburg nach Berlin mit der @DB_Bahn So macht Bahn fahren Spass :)	Service_und_Kundenbetreuung#Zugbetreuung Allgemein 
http://twitter.com/Totolein/statuses/682479918320582656	@sammyderlux Bahn fahren ist so scheiße :( Komm gut an ._.	Allgemein 
http://twitter.com/FlyingPearlLP/statuses/682600569240989696	@DB_Bahn doch ihr seid zu doof mal nur mal EINEN EINZIGEN ZUG pünktlich kommen zu lassen	Zugfahrt#Pünktlichkeit 
http://www.facebook.com/126049165307/posts/10153276738250308?comment\_id=10153276981850308#126049165307\_10153276738250308\_10153276981850308	Re : n- tv Der Nachrichtensender Vier Feinde hat die Bahn . Frühling , Sommer , Herbst und Winter . Und mich noch dazu . Die ganze Scheisse abreissen und nochmal von vorn anfangen . Neue Leute , neues Management . Ich selbst fahr ohnehin nur noch Fernbus . So ein trauriges Unternehmen wie die Bahn ist schon einzigartig .	Allgemein 
http://twitter.com/farbenstau/statuses/693770585621598208	@DB_Bahn Hallo , werdem VVS-Tickets im IRE 4229 von Stuttgart Hbf bis Geislingen anerkannt oder nur in RB / RE ?	Ticketkauf 
http://twitter.com/Erdaepfelbro/statuses/693757020969762816	RT @krokodilgemuese : Ganz ernsthaft . Das ist nicht nur für einen „ Kundenservice “ unterste Schublade und zutiefst ekelhaft . @DB_Bahn https :/ …	Service_und_Kundenbetreuung 
